--
-- PostgreSQL database dump
--

\restrict ONV3Ww8EFftKOVeZZaAJ06YbVvjpSgkebJKA8kMgVaGWvdkTQFNiuhacot1DMQX

-- Dumped from database version 18.3 (Debian 18.3-1.pgdg13+1)
-- Dumped by pg_dump version 18.3

-- Started on 2026-04-17 12:57:21 UTC

SET statement_timeout = 0;
SET lock_timeout = 0;
SET idle_in_transaction_session_timeout = 0;
SET transaction_timeout = 0;
SET client_encoding = 'UTF8';
SET standard_conforming_strings = on;
SELECT pg_catalog.set_config('search_path', '', false);
SET check_function_bodies = false;
SET xmloption = content;
SET client_min_messages = warning;
SET row_security = off;

SET default_tablespace = '';

SET default_table_access_method = heap;

--
-- TOC entry 219 (class 1259 OID 16389)
-- Name: auth_group; Type: TABLE; Schema: public; Owner: postgres
--

CREATE TABLE public.auth_group (
    id integer NOT NULL,
    name character varying(150) NOT NULL
);


ALTER TABLE public.auth_group OWNER TO postgres;

--
-- TOC entry 220 (class 1259 OID 16394)
-- Name: auth_group_id_seq; Type: SEQUENCE; Schema: public; Owner: postgres
--

ALTER TABLE public.auth_group ALTER COLUMN id ADD GENERATED BY DEFAULT AS IDENTITY (
    SEQUENCE NAME public.auth_group_id_seq
    START WITH 1
    INCREMENT BY 1
    NO MINVALUE
    NO MAXVALUE
    CACHE 1
);


--
-- TOC entry 221 (class 1259 OID 16395)
-- Name: auth_group_permissions; Type: TABLE; Schema: public; Owner: postgres
--

CREATE TABLE public.auth_group_permissions (
    id bigint NOT NULL,
    group_id integer NOT NULL,
    permission_id integer NOT NULL
);


ALTER TABLE public.auth_group_permissions OWNER TO postgres;

--
-- TOC entry 222 (class 1259 OID 16401)
-- Name: auth_group_permissions_id_seq; Type: SEQUENCE; Schema: public; Owner: postgres
--

ALTER TABLE public.auth_group_permissions ALTER COLUMN id ADD GENERATED BY DEFAULT AS IDENTITY (
    SEQUENCE NAME public.auth_group_permissions_id_seq
    START WITH 1
    INCREMENT BY 1
    NO MINVALUE
    NO MAXVALUE
    CACHE 1
);


--
-- TOC entry 223 (class 1259 OID 16402)
-- Name: auth_permission; Type: TABLE; Schema: public; Owner: postgres
--

CREATE TABLE public.auth_permission (
    id integer NOT NULL,
    name character varying(255) NOT NULL,
    content_type_id integer NOT NULL,
    codename character varying(100) NOT NULL
);


ALTER TABLE public.auth_permission OWNER TO postgres;

--
-- TOC entry 224 (class 1259 OID 16409)
-- Name: auth_permission_id_seq; Type: SEQUENCE; Schema: public; Owner: postgres
--

ALTER TABLE public.auth_permission ALTER COLUMN id ADD GENERATED BY DEFAULT AS IDENTITY (
    SEQUENCE NAME public.auth_permission_id_seq
    START WITH 1
    INCREMENT BY 1
    NO MINVALUE
    NO MAXVALUE
    CACHE 1
);


--
-- TOC entry 225 (class 1259 OID 16410)
-- Name: auth_user; Type: TABLE; Schema: public; Owner: postgres
--

CREATE TABLE public.auth_user (
    id integer NOT NULL,
    password character varying(128) NOT NULL,
    last_login timestamp with time zone,
    is_superuser boolean NOT NULL,
    username character varying(150) NOT NULL,
    first_name character varying(150) NOT NULL,
    last_name character varying(150) NOT NULL,
    email character varying(254) NOT NULL,
    is_staff boolean NOT NULL,
    is_active boolean NOT NULL,
    date_joined timestamp with time zone NOT NULL
);


ALTER TABLE public.auth_user OWNER TO postgres;

--
-- TOC entry 226 (class 1259 OID 16425)
-- Name: auth_user_groups; Type: TABLE; Schema: public; Owner: postgres
--

CREATE TABLE public.auth_user_groups (
    id bigint NOT NULL,
    user_id integer NOT NULL,
    group_id integer NOT NULL
);


ALTER TABLE public.auth_user_groups OWNER TO postgres;

--
-- TOC entry 227 (class 1259 OID 16431)
-- Name: auth_user_groups_id_seq; Type: SEQUENCE; Schema: public; Owner: postgres
--

ALTER TABLE public.auth_user_groups ALTER COLUMN id ADD GENERATED BY DEFAULT AS IDENTITY (
    SEQUENCE NAME public.auth_user_groups_id_seq
    START WITH 1
    INCREMENT BY 1
    NO MINVALUE
    NO MAXVALUE
    CACHE 1
);


--
-- TOC entry 228 (class 1259 OID 16432)
-- Name: auth_user_id_seq; Type: SEQUENCE; Schema: public; Owner: postgres
--

ALTER TABLE public.auth_user ALTER COLUMN id ADD GENERATED BY DEFAULT AS IDENTITY (
    SEQUENCE NAME public.auth_user_id_seq
    START WITH 1
    INCREMENT BY 1
    NO MINVALUE
    NO MAXVALUE
    CACHE 1
);


--
-- TOC entry 229 (class 1259 OID 16433)
-- Name: auth_user_user_permissions; Type: TABLE; Schema: public; Owner: postgres
--

CREATE TABLE public.auth_user_user_permissions (
    id bigint NOT NULL,
    user_id integer NOT NULL,
    permission_id integer NOT NULL
);


ALTER TABLE public.auth_user_user_permissions OWNER TO postgres;

--
-- TOC entry 230 (class 1259 OID 16439)
-- Name: auth_user_user_permissions_id_seq; Type: SEQUENCE; Schema: public; Owner: postgres
--

ALTER TABLE public.auth_user_user_permissions ALTER COLUMN id ADD GENERATED BY DEFAULT AS IDENTITY (
    SEQUENCE NAME public.auth_user_user_permissions_id_seq
    START WITH 1
    INCREMENT BY 1
    NO MINVALUE
    NO MAXVALUE
    CACHE 1
);


--
-- TOC entry 231 (class 1259 OID 16440)
-- Name: django_admin_log; Type: TABLE; Schema: public; Owner: postgres
--

CREATE TABLE public.django_admin_log (
    id integer NOT NULL,
    action_time timestamp with time zone NOT NULL,
    object_id text,
    object_repr character varying(200) NOT NULL,
    action_flag smallint NOT NULL,
    change_message text NOT NULL,
    content_type_id integer,
    user_id integer NOT NULL,
    CONSTRAINT django_admin_log_action_flag_check CHECK ((action_flag >= 0))
);


ALTER TABLE public.django_admin_log OWNER TO postgres;

--
-- TOC entry 232 (class 1259 OID 16452)
-- Name: django_admin_log_id_seq; Type: SEQUENCE; Schema: public; Owner: postgres
--

ALTER TABLE public.django_admin_log ALTER COLUMN id ADD GENERATED BY DEFAULT AS IDENTITY (
    SEQUENCE NAME public.django_admin_log_id_seq
    START WITH 1
    INCREMENT BY 1
    NO MINVALUE
    NO MAXVALUE
    CACHE 1
);


--
-- TOC entry 233 (class 1259 OID 16453)
-- Name: django_content_type; Type: TABLE; Schema: public; Owner: postgres
--

CREATE TABLE public.django_content_type (
    id integer NOT NULL,
    app_label character varying(100) NOT NULL,
    model character varying(100) NOT NULL
);


ALTER TABLE public.django_content_type OWNER TO postgres;

--
-- TOC entry 234 (class 1259 OID 16459)
-- Name: django_content_type_id_seq; Type: SEQUENCE; Schema: public; Owner: postgres
--

ALTER TABLE public.django_content_type ALTER COLUMN id ADD GENERATED BY DEFAULT AS IDENTITY (
    SEQUENCE NAME public.django_content_type_id_seq
    START WITH 1
    INCREMENT BY 1
    NO MINVALUE
    NO MAXVALUE
    CACHE 1
);


--
-- TOC entry 235 (class 1259 OID 16460)
-- Name: django_migrations; Type: TABLE; Schema: public; Owner: postgres
--

CREATE TABLE public.django_migrations (
    id bigint NOT NULL,
    app character varying(255) NOT NULL,
    name character varying(255) NOT NULL,
    applied timestamp with time zone NOT NULL
);


ALTER TABLE public.django_migrations OWNER TO postgres;

--
-- TOC entry 236 (class 1259 OID 16469)
-- Name: django_migrations_id_seq; Type: SEQUENCE; Schema: public; Owner: postgres
--

ALTER TABLE public.django_migrations ALTER COLUMN id ADD GENERATED BY DEFAULT AS IDENTITY (
    SEQUENCE NAME public.django_migrations_id_seq
    START WITH 1
    INCREMENT BY 1
    NO MINVALUE
    NO MAXVALUE
    CACHE 1
);


--
-- TOC entry 237 (class 1259 OID 16470)
-- Name: django_session; Type: TABLE; Schema: public; Owner: postgres
--

CREATE TABLE public.django_session (
    session_key character varying(40) NOT NULL,
    session_data text NOT NULL,
    expire_date timestamp with time zone NOT NULL
);


ALTER TABLE public.django_session OWNER TO postgres;

--
-- TOC entry 238 (class 1259 OID 16478)
-- Name: infracciones_auditoriainfraccion; Type: TABLE; Schema: public; Owner: postgres
--

CREATE TABLE public.infracciones_auditoriainfraccion (
    id bigint NOT NULL,
    fecha timestamp with time zone NOT NULL,
    accion character varying(30) NOT NULL,
    cambios_txt text NOT NULL,
    infraccion_id bigint NOT NULL,
    usuario_id integer NOT NULL
);


ALTER TABLE public.infracciones_auditoriainfraccion OWNER TO postgres;

--
-- TOC entry 239 (class 1259 OID 16489)
-- Name: infracciones_auditoriainfraccion_id_seq; Type: SEQUENCE; Schema: public; Owner: postgres
--

ALTER TABLE public.infracciones_auditoriainfraccion ALTER COLUMN id ADD GENERATED BY DEFAULT AS IDENTITY (
    SEQUENCE NAME public.infracciones_auditoriainfraccion_id_seq
    START WITH 1
    INCREMENT BY 1
    NO MINVALUE
    NO MAXVALUE
    CACHE 1
);


--
-- TOC entry 240 (class 1259 OID 16490)
-- Name: infracciones_infraccion; Type: TABLE; Schema: public; Owner: postgres
--

CREATE TABLE public.infracciones_infraccion (
    id bigint NOT NULL,
    nro_acta character varying(30) NOT NULL,
    dni_infractor character varying(20) NOT NULL,
    nombre_infractor character varying(80) NOT NULL,
    apellido_infractor character varying(80) NOT NULL,
    dominio character varying(10) NOT NULL,
    marca character varying(50) NOT NULL,
    modelo character varying(50) NOT NULL,
    es_titular boolean NOT NULL,
    nro_cedula character varying(50) NOT NULL,
    retenido_playon boolean NOT NULL,
    descripcion text NOT NULL,
    creada_en timestamp with time zone NOT NULL,
    actualizada_en timestamp with time zone NOT NULL,
    inspector_id integer NOT NULL,
    prueba_alcoholemia_estado character varying(2) NOT NULL,
    archivo_adjunto character varying(100),
    fecha_acta timestamp with time zone,
    autor_acta character varying(120) NOT NULL
);


ALTER TABLE public.infracciones_infraccion OWNER TO postgres;

--
-- TOC entry 241 (class 1259 OID 16512)
-- Name: infracciones_infraccion_id_seq; Type: SEQUENCE; Schema: public; Owner: postgres
--

ALTER TABLE public.infracciones_infraccion ALTER COLUMN id ADD GENERATED BY DEFAULT AS IDENTITY (
    SEQUENCE NAME public.infracciones_infraccion_id_seq
    START WITH 1
    INCREMENT BY 1
    NO MINVALUE
    NO MAXVALUE
    CACHE 1
);


--
-- TOC entry 242 (class 1259 OID 16513)
-- Name: ingresos_auditoriaingreso; Type: TABLE; Schema: public; Owner: postgres
--

CREATE TABLE public.ingresos_auditoriaingreso (
    id bigint NOT NULL,
    creado_en timestamp with time zone CONSTRAINT ingresos_auditoriaingreso_fecha_not_null NOT NULL,
    accion character varying(30) NOT NULL,
    cambios jsonb NOT NULL,
    usuario_id integer NOT NULL,
    ingreso_id bigint NOT NULL
);


ALTER TABLE public.ingresos_auditoriaingreso OWNER TO postgres;

--
-- TOC entry 243 (class 1259 OID 16524)
-- Name: ingresos_auditoriaingreso_id_seq; Type: SEQUENCE; Schema: public; Owner: postgres
--

ALTER TABLE public.ingresos_auditoriaingreso ALTER COLUMN id ADD GENERATED BY DEFAULT AS IDENTITY (
    SEQUENCE NAME public.ingresos_auditoriaingreso_id_seq
    START WITH 1
    INCREMENT BY 1
    NO MINVALUE
    NO MAXVALUE
    CACHE 1
);


--
-- TOC entry 244 (class 1259 OID 16525)
-- Name: ingresos_ingresoplayon; Type: TABLE; Schema: public; Owner: postgres
--

CREATE TABLE public.ingresos_ingresoplayon (
    id bigint NOT NULL,
    fecha_ingreso timestamp with time zone NOT NULL,
    tipo_vehiculo character varying(20) NOT NULL,
    marca character varying(50) NOT NULL,
    modelo character varying(50) NOT NULL,
    anio integer,
    color character varying(30) NOT NULL,
    nro_legajo_playon character varying(30) NOT NULL,
    lugar_infraccion character varying(255) NOT NULL,
    acta_infraccion_recibida boolean NOT NULL,
    acta_secuestro_recibida boolean NOT NULL,
    inventario_objetos_visibles_recibido boolean CONSTRAINT ingresos_ingresoplayon_inventario_objetos_visibles_rec_not_null NOT NULL,
    registro_fotografico_recibido boolean NOT NULL,
    prueba_alcoholemia_estado character varying(2) NOT NULL,
    coincide_inventario boolean NOT NULL,
    coinciden_danios_registrados boolean NOT NULL,
    detalle_danios_no_coincidentes text NOT NULL,
    bateria_desconectada boolean NOT NULL,
    ubicacion_interna character varying(100) NOT NULL,
    observaciones_generales text NOT NULL,
    retirado boolean NOT NULL,
    fecha_retiro timestamp with time zone,
    nombre_retira character varying(100) NOT NULL,
    dni_retira character varying(20) NOT NULL,
    observaciones_egreso text NOT NULL,
    entregado_por_id integer,
    lugar_id bigint,
    recibido_por_id integer NOT NULL,
    vehiculo_id bigint NOT NULL,
    operador_grua text NOT NULL,
    fecha_secuestro timestamp with time zone,
    oficio_juez_archivo character varying(100),
    CONSTRAINT ingresos_ingresoplayon_anio_check CHECK ((anio >= 0))
);


ALTER TABLE public.ingresos_ingresoplayon OWNER TO postgres;

--
-- TOC entry 245 (class 1259 OID 16557)
-- Name: ingresos_ingresoplayon_id_seq; Type: SEQUENCE; Schema: public; Owner: postgres
--

ALTER TABLE public.ingresos_ingresoplayon ALTER COLUMN id ADD GENERATED BY DEFAULT AS IDENTITY (
    SEQUENCE NAME public.ingresos_ingresoplayon_id_seq
    START WITH 1
    INCREMENT BY 1
    NO MINVALUE
    NO MAXVALUE
    CACHE 1
);


--
-- TOC entry 246 (class 1259 OID 16558)
-- Name: playon_lugarplayon; Type: TABLE; Schema: public; Owner: postgres
--

CREATE TABLE public.playon_lugarplayon (
    id bigint NOT NULL,
    fila character varying(1) NOT NULL,
    columna smallint NOT NULL,
    estado character varying(10) NOT NULL,
    tipo character varying(10) NOT NULL,
    CONSTRAINT playon_lugarplayon_columna_check CHECK ((columna >= 0))
);


ALTER TABLE public.playon_lugarplayon OWNER TO postgres;

--
-- TOC entry 247 (class 1259 OID 16567)
-- Name: playon_lugarplayon_id_seq; Type: SEQUENCE; Schema: public; Owner: postgres
--

ALTER TABLE public.playon_lugarplayon ALTER COLUMN id ADD GENERATED BY DEFAULT AS IDENTITY (
    SEQUENCE NAME public.playon_lugarplayon_id_seq
    START WITH 1
    INCREMENT BY 1
    NO MINVALUE
    NO MAXVALUE
    CACHE 1
);


--
-- TOC entry 248 (class 1259 OID 16568)
-- Name: playon_movimientolugar; Type: TABLE; Schema: public; Owner: postgres
--

CREATE TABLE public.playon_movimientolugar (
    id bigint NOT NULL,
    fecha timestamp with time zone NOT NULL,
    motivo character varying(255) NOT NULL,
    ingreso_id bigint NOT NULL,
    lugar_anterior_id bigint,
    lugar_nuevo_id bigint NOT NULL,
    movido_por_id integer NOT NULL
);


ALTER TABLE public.playon_movimientolugar OWNER TO postgres;

--
-- TOC entry 249 (class 1259 OID 16577)
-- Name: playon_movimientolugar_id_seq; Type: SEQUENCE; Schema: public; Owner: postgres
--

ALTER TABLE public.playon_movimientolugar ALTER COLUMN id ADD GENERATED BY DEFAULT AS IDENTITY (
    SEQUENCE NAME public.playon_movimientolugar_id_seq
    START WITH 1
    INCREMENT BY 1
    NO MINVALUE
    NO MAXVALUE
    CACHE 1
);


--
-- TOC entry 250 (class 1259 OID 16578)
-- Name: vehiculos_vehiculo; Type: TABLE; Schema: public; Owner: postgres
--

CREATE TABLE public.vehiculos_vehiculo (
    id bigint NOT NULL,
    dominio character varying(10) NOT NULL,
    marca character varying(50) NOT NULL,
    modelo character varying(50) NOT NULL,
    color character varying(30) NOT NULL,
    nro_chasis character varying(50) NOT NULL,
    nro_motor character varying(50) NOT NULL,
    anio integer,
    fecha_alta timestamp with time zone NOT NULL,
    CONSTRAINT vehiculos_vehiculo_anio_check CHECK ((anio >= 0))
);


ALTER TABLE public.vehiculos_vehiculo OWNER TO postgres;

--
-- TOC entry 251 (class 1259 OID 16590)
-- Name: vehiculos_vehiculo_id_seq; Type: SEQUENCE; Schema: public; Owner: postgres
--

ALTER TABLE public.vehiculos_vehiculo ALTER COLUMN id ADD GENERATED BY DEFAULT AS IDENTITY (
    SEQUENCE NAME public.vehiculos_vehiculo_id_seq
    START WITH 1
    INCREMENT BY 1
    NO MINVALUE
    NO MAXVALUE
    CACHE 1
);


--
-- TOC entry 3626 (class 0 OID 16389)
-- Dependencies: 219
-- Data for Name: auth_group; Type: TABLE DATA; Schema: public; Owner: postgres
--

COPY public.auth_group (id, name) FROM stdin;
1	ENCARGADO_PLAYON
2	ADMIN_SISTEMA
3	INSPECTOR
4	JUEZ
\.


--
-- TOC entry 3628 (class 0 OID 16395)
-- Dependencies: 221
-- Data for Name: auth_group_permissions; Type: TABLE DATA; Schema: public; Owner: postgres
--

COPY public.auth_group_permissions (id, group_id, permission_id) FROM stdin;
\.


--
-- TOC entry 3630 (class 0 OID 16402)
-- Dependencies: 223
-- Data for Name: auth_permission; Type: TABLE DATA; Schema: public; Owner: postgres
--

COPY public.auth_permission (id, name, content_type_id, codename) FROM stdin;
1	Can add log entry	1	add_logentry
2	Can change log entry	1	change_logentry
3	Can delete log entry	1	delete_logentry
4	Can view log entry	1	view_logentry
5	Can add permission	2	add_permission
6	Can change permission	2	change_permission
7	Can delete permission	2	delete_permission
8	Can view permission	2	view_permission
9	Can add group	3	add_group
10	Can change group	3	change_group
11	Can delete group	3	delete_group
12	Can view group	3	view_group
13	Can add user	4	add_user
14	Can change user	4	change_user
15	Can delete user	4	delete_user
16	Can view user	4	view_user
17	Can add content type	5	add_contenttype
18	Can change content type	5	change_contenttype
19	Can delete content type	5	delete_contenttype
20	Can view content type	5	view_contenttype
21	Can add session	6	add_session
22	Can change session	6	change_session
23	Can delete session	6	delete_session
24	Can view session	6	view_session
25	Can add vehiculo	7	add_vehiculo
26	Can change vehiculo	7	change_vehiculo
27	Can delete vehiculo	7	delete_vehiculo
28	Can view vehiculo	7	view_vehiculo
29	Can add lugar playon	8	add_lugarplayon
30	Can change lugar playon	8	change_lugarplayon
31	Can delete lugar playon	8	delete_lugarplayon
32	Can view lugar playon	8	view_lugarplayon
33	Can add movimiento lugar	9	add_movimientolugar
34	Can change movimiento lugar	9	change_movimientolugar
35	Can delete movimiento lugar	9	delete_movimientolugar
36	Can view movimiento lugar	9	view_movimientolugar
37	Can add auditoria ingreso	10	add_auditoriaingreso
38	Can change auditoria ingreso	10	change_auditoriaingreso
39	Can delete auditoria ingreso	10	delete_auditoriaingreso
40	Can view auditoria ingreso	10	view_auditoriaingreso
41	Can add Ingreso al playón	11	add_ingresoplayon
42	Can change Ingreso al playón	11	change_ingresoplayon
43	Can delete Ingreso al playón	11	delete_ingresoplayon
44	Can view Ingreso al playón	11	view_ingresoplayon
45	Can add infraccion	12	add_infraccion
46	Can change infraccion	12	change_infraccion
47	Can delete infraccion	12	delete_infraccion
48	Can view infraccion	12	view_infraccion
49	Can add auditoria infraccion	13	add_auditoriainfraccion
50	Can change auditoria infraccion	13	change_auditoriainfraccion
51	Can delete auditoria infraccion	13	delete_auditoriainfraccion
52	Can view auditoria infraccion	13	view_auditoriainfraccion
\.


--
-- TOC entry 3632 (class 0 OID 16410)
-- Dependencies: 225
-- Data for Name: auth_user; Type: TABLE DATA; Schema: public; Owner: postgres
--

COPY public.auth_user (id, password, last_login, is_superuser, username, first_name, last_name, email, is_staff, is_active, date_joined) FROM stdin;
5	pbkdf2_sha256$1000000$WjTFiJvXOhOpaHxbHXnUWm$LA0ie49TBAysplnO6pV312ImqlRdnBz3fiUNvHNBuU0=	2026-03-27 15:53:54.351112+00	f	abassi	Aldana	Bassi	aldanabassi7@gmail.com	f	t	2026-03-10 11:14:18+00
1	pbkdf2_sha256$1000000$oqKTzBlV26JDX8VF6OpRZ2$frcqfIWa8MSRn89u5v22NcBwQrGcyX4oMknVbUa2RBk=	2026-03-18 15:02:38.477226+00	t	psmra			modernizacionrawson@gmail.com	t	t	2026-03-09 16:40:15.178941+00
9	pbkdf2_sha256$1000000$PcaAdIwUEu3Ox15eqRMNME$fzVx18P+UyTxWWGdckJ/pTdCi8Fnh+bQr074egthwbw=	\N	f	jevillagran	Juan Emilio	Villagran		f	t	2026-03-10 11:18:28+00
10	pbkdf2_sha256$1000000$sSQbl6NV6sXJN6c6Pqx39Z$cWGgbcyMoPnnv7YNU2P/CgDyXlhPD7u8gWBoJxaP9fI=	\N	f	algarcia	Ana Lucila	Garcia	gannalucila@gmail.com	f	t	2026-03-10 11:21:46+00
2	pbkdf2_sha256$1000000$z5Cd5ssWIabbBlmF1t2CZ0$vYv2H4HdTaqvvhAfrH+w1lWSHPa7oHe9//6u/VH7KEM=	2026-04-16 11:39:51.000652+00	t	nmbarrientos	Nicolas Maximiliano	Barrientos	nmbarrientos@udc.edu.com	t	t	2026-03-10 11:06:45+00
7	pbkdf2_sha256$1000000$HGLvvcKeuQ8g32ZtZpSvuq$n51tQL+6nlkyvAHOaKGav641EDKew5I+cyp5oEiL6qM=	2026-04-16 11:56:40.889097+00	f	avillarroel	Alejandro	Villarroel	villarroelalejandro222@gmail.com	f	t	2026-03-10 11:16:18+00
3	pbkdf2_sha256$1000000$Sp5orUiWKQJxpMgX0wOloc$q0b+lzUzlwl5gcp98P7uBrE2WcDgt4vnNNUlFVugkOg=	2026-04-10 16:41:19.152717+00	f	asdownie	Alan Steven	Downie	alanstevendownie@outlook.com	f	t	2026-03-10 11:07:44+00
8	pbkdf2_sha256$1000000$Y6MsRawCKNwHjOn89DPpq7$F+C6KMXFT7wfVArxGUmV5wsa9SajFxCP47vBsFT2hdM=	2026-03-11 14:00:56.046802+00	f	vsholley	Valeria Stefania	Holley Martinez		f	t	2026-03-10 11:17:38+00
11	pbkdf2_sha256$1000000$qhJ8eXow73VYcCDxMVWENc$G2uJcLOPpoLZY0H0gizc8L1zlX5pw2Bbe4VFW/3PVPI=	2026-04-16 14:26:54.891624+00	f	danuñez	Daiana Alexsandra	Nuñez	dainunez000@gmail.com	f	t	2026-03-19 15:22:50+00
6	pbkdf2_sha256$1000000$fGMMyB4JnftxvbGQvJbiwJ$b9XKWeplbJuu1c8qwveQS/RgvSOxWZjLFCMhm5jDCG0=	2026-04-16 15:04:06.258187+00	f	maguilar	Marilyn	Aguilar	marilynaguilar678@gmail.com	f	t	2026-03-10 11:15:18+00
4	pbkdf2_sha256$1000000$7KdqjZatqHf32MQKllUXxI$W57JT/07DL6HzD6r+Na3ODhjQydMgPvG8uV0BIw8M34=	2026-04-16 15:24:01.044235+00	f	jdmorales	Jaqueline Daniela	Morales Velasquez	jaquelinemtrabajo@gmail.com	f	t	2026-03-10 11:11:40+00
\.


--
-- TOC entry 3633 (class 0 OID 16425)
-- Dependencies: 226
-- Data for Name: auth_user_groups; Type: TABLE DATA; Schema: public; Owner: postgres
--

COPY public.auth_user_groups (id, user_id, group_id) FROM stdin;
1	2	2
2	3	3
3	4	3
4	5	1
5	6	1
6	7	1
7	8	2
8	9	2
9	10	3
10	11	1
\.


--
-- TOC entry 3636 (class 0 OID 16433)
-- Dependencies: 229
-- Data for Name: auth_user_user_permissions; Type: TABLE DATA; Schema: public; Owner: postgres
--

COPY public.auth_user_user_permissions (id, user_id, permission_id) FROM stdin;
\.


--
-- TOC entry 3638 (class 0 OID 16440)
-- Dependencies: 231
-- Data for Name: django_admin_log; Type: TABLE DATA; Schema: public; Owner: postgres
--

COPY public.django_admin_log (id, action_time, object_id, object_repr, action_flag, change_message, content_type_id, user_id) FROM stdin;
1	2026-03-09 16:56:21.798826+00	1	Acta 1234 - abc123	1	[{"added": {}}]	12	1
2	2026-03-10 11:03:29.992857+00	1	ENCARGADO_PLAYON	1	[{"added": {}}]	3	1
3	2026-03-10 11:03:44.407805+00	2	ADMIN_SISTEMA	1	[{"added": {}}]	3	1
4	2026-03-10 11:04:02.262508+00	3	INSPECTOR	1	[{"added": {}}]	3	1
5	2026-03-10 11:04:57.086257+00	4	JUEZ	1	[{"added": {}}]	3	1
6	2026-03-10 11:06:46.089868+00	2	nmbarrientos	1	[{"added": {}}]	4	1
7	2026-03-10 11:07:17.488636+00	2	nmbarrientos	2	[{"changed": {"fields": ["Superuser status", "Groups"]}}]	4	1
8	2026-03-10 11:07:45.269366+00	3	asdownie	1	[{"added": {}}]	4	1
9	2026-03-10 11:11:01.930694+00	3	asdownie	2	[{"changed": {"fields": ["First name", "Last name", "Email address", "Groups"]}}]	4	1
10	2026-03-10 11:11:40.871228+00	4	jdmorales	1	[{"added": {}}]	4	1
11	2026-03-10 11:13:52.656269+00	4	jdmorales	2	[{"changed": {"fields": ["First name", "Last name", "Groups"]}}]	4	1
12	2026-03-10 11:14:18.695899+00	5	abassi	1	[{"added": {}}]	4	1
13	2026-03-10 11:14:46.043562+00	5	abassi	2	[{"changed": {"fields": ["First name", "Last name", "Groups"]}}]	4	1
14	2026-03-10 11:15:18.77037+00	6	maguilar	1	[{"added": {}}]	4	1
15	2026-03-10 11:15:39.063113+00	6	maguilar	2	[{"changed": {"fields": ["First name", "Last name", "Groups"]}}]	4	1
16	2026-03-10 11:16:18.755582+00	7	avillarroel	1	[{"added": {}}]	4	1
17	2026-03-10 11:16:59.801489+00	7	avillarroel	2	[{"changed": {"fields": ["First name", "Last name", "Groups"]}}]	4	1
18	2026-03-10 11:17:39.035373+00	8	vsholley	1	[{"added": {}}]	4	1
19	2026-03-10 11:18:10.366814+00	8	vsholley	2	[{"changed": {"fields": ["First name", "Last name", "Groups"]}}]	4	1
20	2026-03-10 11:18:28.808137+00	9	jevillagran	1	[{"added": {}}]	4	1
21	2026-03-10 11:21:24.516479+00	9	jevillagran	2	[{"changed": {"fields": ["First name", "Last name", "Groups"]}}]	4	1
22	2026-03-10 11:21:47.366981+00	10	algarcia	1	[{"added": {}}]	4	1
23	2026-03-10 11:22:14.859124+00	10	algarcia	2	[{"changed": {"fields": ["First name", "Last name", "Groups"]}}]	4	1
24	2026-03-10 11:23:35.746198+00	2	nmbarrientos	2	[{"changed": {"fields": ["First name", "Last name", "Email address", "Staff status"]}}]	4	1
25	2026-03-10 12:28:55.868073+00	1	Acta 1234 - abc123	3		12	2
26	2026-03-10 12:55:47.923099+00	2	Acta 5454 - ads123	3		12	2
27	2026-03-11 12:24:23.890796+00	5	abassi	2	[{"changed": {"fields": ["Email address"]}}]	4	2
28	2026-03-11 12:24:46.269611+00	10	algarcia	2	[{"changed": {"fields": ["Email address"]}}]	4	2
29	2026-03-11 12:25:31.452636+00	4	jdmorales	2	[{"changed": {"fields": ["Last name", "Email address"]}}]	4	2
30	2026-03-11 12:26:16.228066+00	6	maguilar	2	[{"changed": {"fields": ["Email address"]}}]	4	2
31	2026-03-11 12:56:30.994957+00	7	avillarroel	2	[{"changed": {"fields": ["Email address"]}}]	4	2
32	2026-03-11 13:06:29.638064+00	7	avillarroel	2	[]	4	2
33	2026-03-16 12:33:57.920024+00	376	Z1	2	[{"changed": {"fields": ["Tipo"]}}]	8	2
34	2026-03-16 12:34:06.462947+00	377	Z2	2	[{"changed": {"fields": ["Tipo"]}}]	8	2
35	2026-03-16 12:34:14.957256+00	378	Z3	2	[{"changed": {"fields": ["Tipo"]}}]	8	2
36	2026-03-16 12:34:23.297086+00	379	Z4	2	[{"changed": {"fields": ["Tipo"]}}]	8	2
37	2026-03-16 12:34:30.74951+00	380	Z5	2	[{"changed": {"fields": ["Tipo"]}}]	8	2
38	2026-03-16 12:34:38.521901+00	381	Z6	2	[{"changed": {"fields": ["Tipo"]}}]	8	2
39	2026-03-16 12:34:47.116348+00	382	Z7	2	[{"changed": {"fields": ["Tipo"]}}]	8	2
40	2026-03-16 12:34:56.24765+00	383	Z8	2	[{"changed": {"fields": ["Tipo"]}}]	8	2
41	2026-03-16 12:35:09.018166+00	384	Z9	2	[{"changed": {"fields": ["Tipo"]}}]	8	2
42	2026-03-16 12:35:16.569121+00	385	Z10	2	[{"changed": {"fields": ["Tipo"]}}]	8	2
43	2026-03-16 12:35:23.612033+00	386	Z11	2	[{"changed": {"fields": ["Tipo"]}}]	8	2
44	2026-03-16 12:35:31.770423+00	387	Z12	2	[{"changed": {"fields": ["Tipo"]}}]	8	2
45	2026-03-16 12:35:43.081673+00	388	Z13	2	[{"changed": {"fields": ["Tipo"]}}]	8	2
46	2026-03-16 12:35:54.55358+00	389	Z14	2	[{"changed": {"fields": ["Tipo"]}}]	8	2
47	2026-03-16 12:36:06.459997+00	390	Z15	2	[{"changed": {"fields": ["Tipo"]}}]	8	2
48	2026-03-16 12:41:30.366013+00	6	Ingreso 6/2026 - A210QES	2	[{"changed": {"fields": ["Lugar"]}}]	11	2
49	2026-03-16 13:05:29.808741+00	376	Z1	2	[{"changed": {"fields": ["Estado"]}}]	8	2
50	2026-03-16 14:47:46.76554+00	3	Acta 4554 - asd123	3		12	2
51	2026-03-19 15:22:50.961924+00	11	danuñez	1	[{"added": {}}]	4	2
52	2026-03-19 15:23:44.285243+00	11	danuñez	2	[{"changed": {"fields": ["First name", "Last name", "Email address", "Groups"]}}]	4	2
53	2026-03-25 14:44:17.235601+00	10	Ingreso 10/26 - A208LOQ	2	[{"changed": {"fields": ["Lugar"]}}]	11	2
54	2026-03-25 14:44:36.534281+00	8	Ingreso 9/26 - A142GAQ	2	[{"changed": {"fields": ["Lugar"]}}]	11	2
55	2026-03-25 14:44:57.834022+00	377	Z2	2	[{"changed": {"fields": ["Estado"]}}]	8	2
56	2026-03-25 14:45:06.269645+00	378	Z3	2	[{"changed": {"fields": ["Estado"]}}]	8	2
57	2026-04-06 15:23:59.685221+00	37	Ingreso 38/26 - MYA829	2	[{"changed": {"fields": ["Lugar"]}}]	11	2
58	2026-04-06 15:24:33.049617+00	34	C4	2	[{"changed": {"fields": ["Estado"]}}]	8	2
59	2026-04-07 11:35:47.152751+00	42	Ingreso 43/26 - A210QFR	2	[{"changed": {"fields": ["Lugar"]}}]	11	2
60	2026-04-07 11:36:03.262473+00	379	Z4	2	[{"changed": {"fields": ["Estado"]}}]	8	2
61	2026-04-09 16:04:19.564664+00	34	Ingreso 34/26 - ILD744	2	[{"changed": {"fields": ["DNI de quien retira"]}}]	11	2
62	2026-04-10 11:50:20.592989+00	45	Ingreso 45/26 - A206YRF	2	[{"changed": {"fields": ["Ubicaci\\u00f3n interna en play\\u00f3n", "Lugar"]}}]	11	2
63	2026-04-10 11:50:52.162289+00	377	Z2	2	[{"changed": {"fields": ["Estado"]}}]	8	2
64	2026-04-14 11:18:51.447477+00	49	Ingreso 49/26 - JMG 490	2	[{"changed": {"fields": ["Lugar"]}}]	11	2
65	2026-04-14 11:19:07.515932+00	51	Ingreso 51/26 - A204ZEH	2	[{"changed": {"fields": ["Lugar"]}}]	11	2
66	2026-04-14 11:19:44.283012+00	380	Z5	2	[{"changed": {"fields": ["Estado"]}}]	8	2
67	2026-04-14 11:19:53.001266+00	381	Z6	2	[{"changed": {"fields": ["Estado"]}}]	8	2
\.


--
-- TOC entry 3640 (class 0 OID 16453)
-- Dependencies: 233
-- Data for Name: django_content_type; Type: TABLE DATA; Schema: public; Owner: postgres
--

COPY public.django_content_type (id, app_label, model) FROM stdin;
1	admin	logentry
2	auth	permission
3	auth	group
4	auth	user
5	contenttypes	contenttype
6	sessions	session
7	vehiculos	vehiculo
8	playon	lugarplayon
9	playon	movimientolugar
10	ingresos	auditoriaingreso
11	ingresos	ingresoplayon
12	infracciones	infraccion
13	infracciones	auditoriainfraccion
\.


--
-- TOC entry 3642 (class 0 OID 16460)
-- Dependencies: 235
-- Data for Name: django_migrations; Type: TABLE DATA; Schema: public; Owner: postgres
--

COPY public.django_migrations (id, app, name, applied) FROM stdin;
1	contenttypes	0001_initial	2026-03-09 15:53:57.888967+00
2	auth	0001_initial	2026-03-09 15:53:57.919153+00
3	admin	0001_initial	2026-03-09 15:53:57.930928+00
4	admin	0002_logentry_remove_auto_add	2026-03-09 15:53:57.936509+00
5	admin	0003_logentry_add_action_flag_choices	2026-03-09 15:53:57.942953+00
6	contenttypes	0002_remove_content_type_name	2026-03-09 15:53:57.954577+00
7	auth	0002_alter_permission_name_max_length	2026-03-09 15:53:57.959954+00
8	auth	0003_alter_user_email_max_length	2026-03-09 15:53:57.965831+00
9	auth	0004_alter_user_username_opts	2026-03-09 15:53:57.971733+00
10	auth	0005_alter_user_last_login_null	2026-03-09 15:53:57.977785+00
11	auth	0006_require_contenttypes_0002	2026-03-09 15:53:57.979018+00
12	auth	0007_alter_validators_add_error_messages	2026-03-09 15:53:57.984733+00
13	auth	0008_alter_user_username_max_length	2026-03-09 15:53:57.991548+00
14	auth	0009_alter_user_last_name_max_length	2026-03-09 15:53:57.997491+00
15	auth	0010_alter_group_name_max_length	2026-03-09 15:53:58.005181+00
16	auth	0011_update_proxy_permissions	2026-03-09 15:53:58.010637+00
17	auth	0012_alter_user_first_name_max_length	2026-03-09 15:53:58.017002+00
18	infracciones	0001_initial	2026-03-09 15:53:58.02868+00
19	infracciones	0002_auditoriainfraccion	2026-03-09 15:53:58.039839+00
20	infracciones	0003_infraccion_prueba_alcoholemia_estado	2026-03-09 15:53:58.047198+00
21	infracciones	0004_infraccion_archivo_adjunto_infraccion_fecha_acta_and_more	2026-03-09 15:53:58.075968+00
22	infracciones	0005_auditoriainfraccion	2026-03-09 15:53:58.088348+00
23	infracciones	0006_remove_infraccion_inspector_autor_and_more	2026-03-09 15:53:58.106489+00
24	vehiculos	0001_initial	2026-03-09 15:53:58.111634+00
25	vehiculos	0002_ingresoplayon	2026-03-09 15:53:58.126696+00
26	vehiculos	0003_ingresoplayon_dni_retira_ingresoplayon_entregado_por_and_more	2026-03-09 15:53:58.175479+00
27	vehiculos	0004_alter_ingresoplayon_options_and_more	2026-03-09 15:53:58.357429+00
28	vehiculos	0005_alter_ingresoplayon_options_and_more	2026-03-09 15:53:58.550183+00
29	vehiculos	0006_auditoriaingreso	2026-03-09 15:53:58.565796+00
30	vehiculos	0007_alter_ingresoplayon_anio_and_more	2026-03-09 15:53:58.657676+00
31	vehiculos	0008_remove_ingresoplayon_entregado_por_and_more	2026-03-09 15:53:58.768507+00
32	ingresos	0001_initial	2026-03-09 15:53:58.793791+00
33	playon	0001_initial	2026-03-09 15:53:58.814295+00
34	ingresos	0002_initial	2026-03-09 15:53:58.858261+00
35	ingresos	0003_alter_auditoriaingreso_ingreso_and_more	2026-03-09 15:53:58.879007+00
36	ingresos	0004_ingresoplayon_operador_grua	2026-03-09 15:53:58.890141+00
37	ingresos	0005_alter_ingresoplayon_observaciones_generales_and_more	2026-03-09 15:53:58.90824+00
38	ingresos	0006_ingresoplayon_retiro_autorizado_and_more	2026-03-09 15:53:58.958901+00
39	ingresos	0007_alter_auditoriaingreso_options_and_more	2026-03-09 15:53:59.136944+00
40	ingresos	0008_remove_ingresoplayon_bloqueo_juzgado_and_more	2026-03-09 15:53:59.222977+00
41	sessions	0001_initial	2026-03-09 15:53:59.228159+00
\.


--
-- TOC entry 3644 (class 0 OID 16470)
-- Dependencies: 237
-- Data for Name: django_session; Type: TABLE DATA; Schema: public; Owner: postgres
--

COPY public.django_session (session_key, session_data, expire_date) FROM stdin;
n8dr7puuhrhg5jbf4id682hrn5loo4g8	.eJxVjMsOwiAURP-FtSFQ4AJduvcbCI-LRU2bFGpijP9uSbrQ3WTmzHkT57c2ua3i6koiI-GcnH7L4OMd576km5-vC43L3NYSaEfosVZ6WRI-zgf7J5h8nfZ3HgTGwFnyjGNUMjOZhI2Mq7hLEig59GyEtkKCMaCDQADMkK1C1aUPX5vzsZVnaS8ycq2BMzkY-_kCcM5AOg:1wCLrN:6xfo79JhZ-xiFT9awuYeejsytGMcViLLvMJcVGTbQ2I	2026-04-27 18:18:09.806996+00
dnavsi2se2roz6pp32572zs3k1kmakiy	.eJxVjEEOwiAQRe_C2hBmLLS4dN8zkBkYpGpoUtqV8e7apAvd_vfef6lA21rC1mQJU1IX5dTpd2OKD6k7SHeqt1nHua7LxHpX9EGbHuckz-vh_h0UauVbizO9FfRgPQCblAfxHTJZMsiZEzlLHBHZn41g5yWTgAdnB4wE3Kv3B-eyOCI:1wBBHE:6k6Z_Pgj3eDVp55xFC1W5z57Oha8T_kmnK8vSQBKVcU	2026-04-24 12:48:00.882965+00
0s424zfi085h5jtjv8b95rd2sb0noxm4	.eJxVjEEOwiAQRe_C2hAGC5Qu3XsGMgNTizZtUqiJMd7dNulCt_-9_94i4FqHsBZeQk6iE1acfjfC-OBpB-mO022WcZ7qkknuijxokdc58Xg53L_AgGXY3myVM6w9GA9AKvUt-0YTGlSaekpoDVLUmvxZsW4898jgwZpWRwRyW3TEUgPGmp-5vkQHztmzaZSHzxdN_EBX:1wDOqR:TNwO72Y24FdeHwt0ngi8ZRnS2UTamF1ifJlN6dwEueI	2026-04-30 15:41:31.80963+00
nasvytqaokdjcrijnxk86a7uo5ghc9r0	.eJxVjEEOwiAURO_C2hAofGi7dO8ZCHw-FjVtUqiJMd7dknShu8nMm_dmzm91cluh1eXIRiYlO_2WweOd5rbEm5-vC8dlrmsOvCH8WAu_LJEe54P9E0y-TPs7dYowSBG9kISgk9BRDSgk4C6JBnTXcq_soLTpe2ODImMomTQAQZM-fKnOY83PXF9slNYaBVoL-HwBcOJANw:1wDOvV:GSSPjIbA-hQ3UKrjRLmfbL-3jSaVKp7VBNB3j-0cgLc	2026-04-30 15:46:45.399009+00
hmdxoqoqedewaikaa3uqef53uwfq7nbm	.eJxVjEEOwiAURO_C2hAo8Asu3fcMBPgfqRqalHZlvLsl6UJ3k5k378182Lfi90arn5FdmZTs8lvGkJ5U-4KPUO8LT0vd1jnyjvBzbXxakF63k_0TlNDK8c6DohSlwCAkJaOz0KhcEtKkQ4Jg9NCzVaNTGqyFMSoCoAzZGTLIPl8N7zgD:1w9kwH:jj8MenyW-OUrGbWLOrtjsNkVM3Rn6qA51Pcve8fSzYc	2026-04-20 14:28:29.469568+00
wnggyfq0t96cie9ju2mdrm0t9y2reax3	.eJxVjMsOgyAQRf-FdUPkIYjL7v0GMjBDpTWaCDZpmv57NXHRbu8597yZh62Ofiu0-oysZ5JdfrcA8UHzAfAO823hcZnrmgM_FH7SwocFabqe7l9ghDLub0DlyGADaESbJIQU2ha0dGQJNToNiVwyUatoTQfkolRNaiAZQZ3Tao9OUKqHWPMz1xfrhbVKKm2E-nwBjJ1BAA:1w0JKH:ZaIvmFsh5_KpX48WvnWkuB_U8xsDcAVyFRPBzAuP8AY	2026-03-25 13:10:13.051854+00
lg669tx400czchb3hx7ee219mc2fnmfu	.eJxVjMsKwjAQRf8lawnNu-nSvd8QJpmJjUoLTSqI-O-20IVu7zn3vFmAtY1hrbSEgmxgkp1-twjpTtMO8AbTdeZpntpSIt8VftDKLzPS43y4f4ER6ri9AZUnix2gFSZLiDkaA1p6coQavYZMPtukVXK2B_JJqi53kK2g3mu1RR9QW4DUyrO0FxuEc1b01ivz-QKM7EEQ:1wChMO:54iBIQymNkAsBmcezEY3fgfPoqKu6XUmXWS_vnLG-7o	2026-04-28 17:15:36.006041+00
kbb774lzjcrrm15jimafxvkbjsl45h6g	.eJxVjEEOwiAQRe_C2hCYFihduvcMZAamFjVtUqiJMd7dNulCt_-9_94i4FrHsBZeQk6iF1acfjfCeOdpB-mG03WWcZ7qkknuijxokZc58eN8uH-BEcu4vdkqZxi8Nl5rUmno2LdAaFABDZTQGqQIQL5RDK3nAVl7bU0HETW5LfrAUgPGmp-5vkSvnWt8Y0HD5wtN_kBV:1w3FqO:PBAKCnD47V0zKMhE0zpkY24G9cn2GczGBK-zjcDDTdc	2026-04-02 16:03:32.637389+00
h7x24mp0mai42g92cddxitonh03oi5ep	.eJxVjEEOwiAQRe_C2hBmLLS4dN8zkBkYpGpoUtqV8e7apAvd_vfef6lA21rC1mQJU1IX5dTpd2OKD6k7SHeqt1nHua7LxHpX9EGbHuckz-vh_h0UauVbizO9FfRgPQCblAfxHTJZMsiZEzlLHBHZn41g5yWTgAdnB4wE3Kv3B-eyOCI:1w5ODo:sa3ClJyL5TUxOekJFEG3euBgOmQpVDBXXKu2t9Ml6cM	2026-04-08 13:24:32.189548+00
\.


--
-- TOC entry 3645 (class 0 OID 16478)
-- Dependencies: 238
-- Data for Name: infracciones_auditoriainfraccion; Type: TABLE DATA; Schema: public; Owner: postgres
--

COPY public.infracciones_auditoriainfraccion (id, fecha, accion, cambios_txt, infraccion_id, usuario_id) FROM stdin;
3	2026-03-25 18:17:45.568959+00	EDICION	- fecha_acta: '2026-03-21 09:37:00+00:00' -> ''\n- dominio: 'a208loq' -> 'A208LOQ'	10	4
4	2026-03-26 12:00:22.824829+00	EDICION	- fecha_acta: '2026-03-21 08:48:00+00:00' -> ''\n- retenido_playon: 'False' -> 'True'\n- prueba_alcoholemia_estado: 'NC' -> 'SI'\n- descripcion: 'T' -> 'Alcoholemia positiva 0,58 g/l'\n- archivo_adjunto: '' -> 'hilux JPEG.pdf'	12	4
5	2026-03-26 12:01:05.585077+00	EDICION	- fecha_acta: '' -> '2026-03-21 05:48:00-03:00'	12	4
6	2026-04-08 12:17:46.54294+00	EDICION	- descripcion: 'Falta de licencia de conducir.\r\nSin respaldo fotográfico.' -> 'Falta de licencia de conducir.'\n- archivo_adjunto: '' -> 'WhatsApp Image 2026-04-07 at 10.31.57.pdf'	39	4
\.


--
-- TOC entry 3647 (class 0 OID 16490)
-- Dependencies: 240
-- Data for Name: infracciones_infraccion; Type: TABLE DATA; Schema: public; Owner: postgres
--

COPY public.infracciones_infraccion (id, nro_acta, dni_infractor, nombre_infractor, apellido_infractor, dominio, marca, modelo, es_titular, nro_cedula, retenido_playon, descripcion, creada_en, actualizada_en, inspector_id, prueba_alcoholemia_estado, archivo_adjunto, fecha_acta, autor_acta) FROM stdin;
25	48071	36797114	Sebastian	Campos	KXR008	Peugeot	408	f	-	t	Licencia vencida, Circula haciendo uber.	2026-03-31 12:41:30.6779+00	2026-03-31 12:41:30.67791+00	4	NO	infracciones/adjuntos/408jpeg.pdf	2026-03-29 07:43:00+00	Marinho Karina
26	47624	24926719	Eduardo M	Jaramillo	AB236DN	Chevrolet	onix	f	-	t	Alcoholemia positivo 2,81 g/l	2026-03-31 13:13:49.429477+00	2026-03-31 13:13:49.429488+00	4	SI	infracciones/adjuntos/onix_jpeg.pdf	2026-03-29 07:35:00+00	Jones, Sabrina Tamara
4	47615	43.978.818	Rodrigo Gaston	Burgos	HQA752	Fiat	Uno	f	2804990438	t	Se le realizo prueba de alcoholemia que dio negativa, se le secuestra el auto por falta de documentación, licencia y seguro.\r\nSe adjunta prueba fotográfica de el estado del vehículo al ingresar al playón.	2026-03-16 14:54:47.7892+00	2026-03-16 14:54:47.789212+00	4	SI	infracciones/adjuntos/fiat_1_14-03-26_10.jpeg	2026-03-14 09:03:00+00	Jones, Sabrina Tamar
5	47542	38443336	Leandro Agustin	Jones	AH334FB	ford	meverick	f		t	Alcoholemia positiva, se le retiene vehículo y licencia.	2026-03-16 15:42:37.318854+00	2026-03-16 15:42:37.318864+00	4	SI	infracciones/adjuntos/maverick_14-03-26.pdf	2026-03-14 08:29:00+00	Mazurecka, Diego
6	47174	23065293	cristian	peña	HVM997	fiat		f		t	Alcoholemia positivo 1,22lg	2026-03-16 16:18:30.656822+00	2026-03-16 16:18:30.656835+00	4	SI	infracciones/adjuntos/siena_14-03-2026.pdf	2026-03-14 08:20:00+00	Vulcano Silvia
7	47614	38535479	Nahuel Gustavo	Mariana	A210QES	Corven	Energy	f	-	t	Alcoholemia positiva 1,76 Lg, evade control, toma intervención policial, falta elementos de seguridad, no tiene documentación por eso falta cedula.	2026-03-16 16:32:15.553654+00	2026-03-16 16:32:15.553666+00	4	SI	infracciones/adjuntos/moto_14-03-26.pdf	2026-03-14 07:23:00+00	Jones Sabrina Tamara
8	47541	18.879.449	Fabiola Marisol	Baeza Ibañez	NLY446	Fiat	Palio	f	-	t	Alcoholemia positivo 0,52 Lg.\r\nSe retiene el vehículo, los detalles del vehículo se ven en respaldo fotográfico.	2026-03-16 17:18:22.943306+00	2026-03-16 17:18:22.943322+00	4	SI	infracciones/adjuntos/palio_14-03-2026.pdf	2026-03-14 06:07:00+00	Mazurecka Diego
9	47348	38.806.156	Emiliano Dario	Velasquez	DRV862	Renault	Twingo	f		t	Alcoholemia positivo 0,75 Lg.\r\nRealiza maniobra peligrosa desde Av. 9 de julio continua por mitre, se le retiene el vehículo	2026-03-16 17:33:02.009411+00	2026-03-16 17:33:02.009421+00	4	SI	infracciones/adjuntos/Twingo_14-03-26.pdf	2026-03-14 07:51:00+00	Carina Mereles
11	47616	33946794	Isaias Julian	Reiche	ac013ht	VW	Vento	f	-	f	Alcoholemia positiva 1,96g/L	2026-03-25 18:17:04.191078+00	2026-03-25 18:17:04.19109+00	4	SI	infracciones/adjuntos/VentoJPEG.pdf	2026-03-21 06:35:00+00	Jones, Sabrina Tamara
27	48030	26304192	Hugo Alberto	Melivilo	HCS344	Volkswagen	Gol	f	-	t	Alcoholemia positivo 2,56 g/l.	2026-04-01 12:10:16.872024+00	2026-04-01 12:10:16.872034+00	4	SI	infracciones/adjuntos/goljpeg.pdf	2026-03-29 07:24:00+00	Roberts Sonia
10	47619	41040638	Alvelo Tomas	Stefano	A208LOQ	Honda	Navi	f	41040638	t	Alcoholemia positiva 0,70g/L	2026-03-25 18:10:15.208963+00	2026-03-25 18:17:55.854275+00	4	SI	infracciones/adjuntos/MOTO_HONDA_3.pdf	\N	Jones, Sabrina Tamara
28	47824	33652677	Pedro Leandro	Nuñez	MBX744	Renault	Fluence	f	-	t	Alcoholemia positiva 1,06 g/l	2026-04-01 12:27:17.645617+00	2026-04-01 12:27:17.645628+00	4	SI	infracciones/adjuntos/Fluencejpeg.pdf	2026-03-29 08:41:00+00	Godoy, Monica
12	47632	32219985	Emiliano Javier	Montrull	AH005IG	Toyota	Hilux	f	-	t	Alcoholemia positiva 0,58 g/l	2026-03-26 11:58:57.136905+00	2026-03-26 12:01:05.582913+00	4	SI	infracciones/adjuntos/hilux_JPEG.pdf	2026-03-21 08:48:00+00	Roberts Sonia
13	47908	44850445	Epulef	Leandro	A142GAQ	Motomel	B - 110	f	-	t	Alcoholemia positivo 0,91 g/l	2026-03-26 12:05:56.34225+00	2026-03-26 12:05:56.342261+00	4	SI	infracciones/adjuntos/motomel_JPEG.pdf	2026-03-21 06:32:00+00	Méreles Carolina
14	47807	44947048	Marcelo Javier	Jaramillo	IZP555	Renault	Clio	f	2804-325394	t	Alcoholemia positivo 1,64 g/l	2026-03-26 12:54:36.197753+00	2026-03-26 12:54:36.197764+00	4	SI	infracciones/adjuntos/clio_IZP555_-_5.pdf	2026-03-21 07:41:00+00	Godoy, Monica
15	47875	37.605.417	Gloria Patricia	Navarro	ejk285	Chevrolet	Corsa	f	-	t	Falta de seguro obligatorio y alcoholemia positivo 0,59 g/l.	2026-03-26 13:05:10.073169+00	2026-03-26 13:05:10.073179+00	4	SI	infracciones/adjuntos/chebrolet_corsa_jpeg.pdf	2026-03-21 07:49:00+00	Daguar, Sandra
16	47363	21855709	Jose Cesar	Chavez	CQU328	Chavrolet	S10	f	-	t	Secuestro por falta de seguro obligatorio.	2026-03-26 14:19:36.975943+00	2026-03-26 14:19:36.975954+00	4	SI	infracciones/adjuntos/s10_jpeg.pdf	2026-03-22 08:02:00+00	Roberts Sonia
17	47637	24926760	Cristian Alberto	Muños	AB037CD	Chevrolet	Ram	f	-	t	Alcoholemia positivo 2,01 g/l	2026-03-26 14:36:04.922241+00	2026-03-26 14:36:04.922253+00	4	SI	infracciones/adjuntos/Ram_jpeg.pdf	2026-03-22 08:35:00+00	Roberts Sonia
18	48052	35887010	Rocio	Cardenas	AB464SR	Fiat	Strada	f	-	t	Alcoholemia positivo 0,68 g/L	2026-03-26 15:58:55.588371+00	2026-03-26 15:58:55.588381+00	4	SI	infracciones/adjuntos/strada_jpeg.pdf	2026-03-22 07:15:00+00	Marinho Karina
19	48054	27138196	Adolfo Damian	Rosas	GUK712	Chevrolet	Corsa	f	-	t	Alcoholemia positivo 0,25 g/l	2026-03-27 11:54:00.155577+00	2026-03-27 11:54:00.155588+00	4	SI	infracciones/adjuntos/corsajpeg.pdf	2026-03-22 09:53:00+00	Marinho Karina
20	47809	24449445	Mario Andres	Abelas	GGZ834	Chevrolet	Corsa	f	-	t	Alcoholemia positiva 1,66 g/l	2026-03-27 12:16:56.080871+00	2026-03-27 12:16:56.08088+00	4	SI	infracciones/adjuntos/Corsa_GGZ834_1.pdf	2026-03-22 08:34:00+00	Monica Godoy
21	47976	33774022	Lucas Matias	San Martin	CSN106	Fiat	Palio	f	-	f	Se negó a realizar el control de alcoholemia, se aplica Ord. 7737/16 Art. N°9.	2026-03-27 13:39:52.057538+00	2026-03-27 13:39:52.057549+00	4	SI	infracciones/adjuntos/Paliojpeg.pdf	2026-03-22 06:05:00+00	Gaitan Elizabeth
22	47647	44001190	Rocio Celeste	Soler	EUP784	Chevrolet	Corsa	f	-	t	Falta licencia de conducir, cedula del automotor, seguro obligatorio.\r\nRealiza maniobra peligrosa y circula en contramano.	2026-03-27 15:46:36.3845+00	2026-03-27 15:46:36.384512+00	4	NO	infracciones/adjuntos/Corsajpeg_1.pdf	2026-03-26 14:35:00+00	Roberts Sonia
23	47968	27560223	Rosana Paola	Vazquez	IMR848	Chevrolet	S10	f	-	t	Incumplimiento a Ord. N° 7737/16, Art. N° 9 (Negarse al test) y falta de seguro obligatorio.	2026-03-30 13:44:51.558102+00	2026-03-30 13:44:51.558113+00	4	NO	infracciones/adjuntos/S10jpeg.pdf	2026-03-29 09:35:00+00	Vulcano Silvia Noemi
24	47967	37.860.643	Emiliano Pablo	Colil	NPR513	Ford	Fiesta	f	-	t	Alcoholemia positiva 2,41 g/l el conductor no entrega llave se presenta informe.	2026-03-30 15:51:49.670321+00	2026-03-30 15:51:49.670331+00	4	SI	infracciones/adjuntos/fiesta_jpg_1.pdf	2026-03-29 06:10:00+00	Vulcano Silvia Noemi
29	47583	22900182	Jose Luis	Mazzei	AC698LD	Peugeot	508	f	-	t	Alcoholemia positivo 0,61 g/l	2026-04-01 12:44:37.008523+00	2026-04-01 12:44:37.008535+00	4	SI	infracciones/adjuntos/508jpeg.pdf	2026-03-29 08:00:00+00	Galdamez, Eliana Belén
30	47582	45108180	Dana Loreley	Araujo	DUF284	Toyota	Corola	f	-	t	Alcoholemia positivo 0,41 g/l	2026-04-01 13:48:48.011037+00	2026-04-01 13:48:48.011048+00	4	SI	infracciones/adjuntos/corolaJPEG.pdf	2026-03-29 07:03:00+00	Galdamez, Eliana Belén
31	40080	27774534	Jose del Carmen	Villarroel	LOP829	Ford	Ranger	f	-	t	Alcoholemia positiva 0,29 g/l	2026-04-01 14:07:16.352658+00	2026-04-01 14:07:16.352669+00	4	SI	infracciones/adjuntos/rangerjpeg.pdf	2026-03-29 07:07:00+00	Daguar, Sandra
32	47921	38801483	Jorge	Rosas	HWM445	Chevrolet	Corsa	f	-	t	Alcoholemia positiva 0,88 g/l	2026-04-06 15:19:36.985912+00	2026-04-06 15:19:36.985923+00	4	SI	infracciones/adjuntos/CORSAJPEG_2.pdf	2026-03-04 04:36:00+00	Mereles Carina
33	48009	46534503	Walter Gabriel	Leon	HVI921	Chevrolet	Corsa	f		t	Alcoholemia positivo 1,06 g/l	2026-04-06 15:35:47.671053+00	2026-04-06 15:35:47.671064+00	4	SI	infracciones/adjuntos/corsa.pdf	2026-04-05 07:11:00+00	Vulcano Silvia Noemi
34	48007	38535441	Rodrigo Mijael	Julio	AF195MS	Toyota	Etios	f	-	t	Alcoholemia positivo o,28 g/l. \r\nSin respaldo fotográfico.	2026-04-07 11:33:56.122965+00	2026-04-07 11:33:56.122972+00	4	SI		2026-04-04 06:14:00+00	Vulcano Silvia Noemi
35	48042	36757058	Juan Ignacio	Rogel	NLD349	Ford	Focus	f	-	t	7737/16 - Art 9.\r\nProcedimiento Policial y Agencia Nacional de Seguridad Vial, conductor se da a la fuga.\r\nSe retira del lugar con la llave y dejando el vehículo en camino con el freno de mano puesto.	2026-04-07 12:04:49.579644+00	2026-04-07 12:04:49.579656+00	4	NC	infracciones/adjuntos/Ford_-_NLD349.pdf	2026-06-05 10:00:00+00	Roberts Sonia
36	48041	38147616	Gian Carlos	Flores Coaraza	A210QFR	Motomel	150	f	-	t	Falta chapa patente.	2026-04-07 12:25:21.837904+00	2026-04-07 12:25:21.837914+00	4	NC	infracciones/adjuntos/WhatsApp_Image_2026-04-06_at_09.05.33_1.pdf	2026-04-05 08:48:00+00	Roberts Sonia
37	48040	48964498	Benjamin	Soto	RHZ423	VW	Saveiro	f	-	t	Alcoholemia positivo 0,23 g/l. \r\nNo presenta licencia de conducir.	2026-04-07 12:35:24.94147+00	2026-04-07 12:35:24.941481+00	4	SI	infracciones/adjuntos/WhatsApp_Image_2026-04-06_at_09.05.34.pdf	2026-04-05 05:26:00+00	Roberts Sonia
38	48038	41629000	Bran Oscar	Enrique	ILD744	Volkswagen	Fox	f	-	t	Falta de seguro obligatorio.	2026-04-07 12:53:59.621065+00	2026-04-07 12:53:59.621076+00	4	NC	infracciones/adjuntos/WhatsApp_Image_2026-04-06_at_09_VM5RB8c.05.34.pdf	2026-04-04 05:08:00+00	Roberts Sonia
40	48304	32887768	Franco	Romero	ODY029	Volkswagen	Voyage	f	-	t	Alcoholemia positiva 1,21 g/l.	2026-04-07 13:37:06.761574+00	2026-04-07 13:37:06.761585+00	4	SI	infracciones/adjuntos/WhatsApp_Image_2026-04-06_at_07.16.21.pdf	2026-04-05 07:04:00+00	Marinho Karina
41	48292	38147786	Richards	Arnold Jhon	ILD776	Chevrolet	Corsa	f	-	t	Alcoholemia positivo 0,82 g/l.	2026-04-07 13:56:46.339588+00	2026-04-07 13:56:46.3396+00	4	SI	infracciones/adjuntos/WhatsApp_Image_2026-04-06_at_07.15.45_4.pdf	2026-04-05 07:14:00+00	Monica Godoy
42	48289	27255013	Romina Susana	Catalan	JPF901	Ford	Focus	f	-	t	alcoholemia positivo 1,35 g/l	2026-04-07 14:31:45.62458+00	2026-04-07 14:31:45.624591+00	4	SI	infracciones/adjuntos/WhatsApp_Image_2026-04-06_at_07.15.48_1_1.pdf	2026-04-04 02:45:00+00	Godoy, Monica
43	47591	42408989	Alegre Nelson J.	Naula	BJA827	Ford	Escort	f	-	t	Falta: seguro obligatorio, cedula y licencia.	2026-04-07 14:40:46.404215+00	2026-04-07 14:40:46.404227+00	4	NC	infracciones/adjuntos/WhatsApp_Image_2026-04-06_at_09.38.54.pdf	2026-04-05 06:57:00+00	Galdamez, Eliana Belén
44	47590	34.635.605	Waldo Roberto Atilio	Torres	LPQ141	Chevrolet	Agile	f	-	t	Alcoholemia positiva 1,70. \r\nSin respaldo fotográfico.	2026-04-08 11:43:57.634738+00	2026-04-08 11:43:57.634746+00	4	SI		2026-04-05 05:38:00+00	Galdamez, Eliana Belén
45	48086	42636941	Ariel Maximiliano	Diaz	JGG195	Ford	Fiesta	f	-	t	Alcoholemia positivo 0,21 g/l	2026-04-08 11:54:15.266957+00	2026-04-08 11:54:15.266968+00	4	SI	infracciones/adjuntos/WhatsApp_Image_2026-04-05_at_17.59.56.pdf	2026-04-05 08:45:00+00	Daguar, Sandra
46	48085	20541965	Angel Oscar	Perez Laspiur	JXH769	Chevrolet	Classic	f	-	t	Alcoholemia positivo 1,01 g/l	2026-04-08 12:02:36.212522+00	2026-04-08 12:02:36.212533+00	4	SI	infracciones/adjuntos/WhatsApp_Image_2026-04-05_at_18.00.10_1.pdf	2026-04-05 05:26:00+00	Daguar, Sandra
39	47692	49321226	Facundo Daniel	Jurado	MYA828	Volkswagen	scirocco	f	-	t	Falta de licencia de conducir.	2026-04-07 13:02:30.656655+00	2026-04-08 12:17:46.541088+00	4	NC	infracciones/adjuntos/WhatsApp_Image_2026-04-07_at_10.31.57.pdf	2026-04-05 07:55:00+00	Bruno Lorenzi
47	47294	33392793	Fabián	Nuñez	CUM650	Ford	Ka	f	-	t	Se secuestra por falta de Documentación:\r\n- Licencia de Conducir.\r\n- Cédula ID. Automotor.	2026-04-09 12:54:18.823398+00	2026-04-09 12:54:18.823412+00	3	NC	infracciones/adjuntos/Ford_KA.jpeg	2026-04-08 22:04:00+00	ÁLVAREZ, Javier
48	47545	46858444	Uma	González	A206YRF	Honda	Wave 110cc	f	-	t	Se secuestra motovehículo por lo siguiente:\r\n\r\nCircula con acompañante sin casco protector.\r\nFaltan elementos de seguridad (ambos espejos retrovisores) \r\nFalta Seguro Obligatorio	2026-04-10 17:00:44.943302+00	2026-04-10 17:00:44.943313+00	3	NC	infracciones/adjuntos/Honda_110.pdf	2026-04-03 20:57:00+00	Mazurecka, Diego
49	48894	41041008	Iago Blas	Flors	HJF936	Chevrolet	Corsa	f	-	t	Alcoholemia positivo 1,06 g/L	2026-04-13 12:36:09.723793+00	2026-04-13 12:36:09.723804+00	4	SI	infracciones/adjuntos/WhatsApp_Image_2026-04-11_at_07.28.09.pdf	2026-04-11 06:18:00+00	Daguar, Sandra
50	47598	27841136	Miguel Alberto	Montesino	HTS254	Chevrolet	Astra	f	-	t	Alcoholemia positiva 0,25 g/l	2026-04-13 12:54:22.752168+00	2026-04-13 12:54:22.752181+00	4	SI	infracciones/adjuntos/WhatsApp_Image_2026-04-11_at_04.40.57.pdf	2026-04-11 07:10:00+00	Galdamez, Eliana Belén
51	46069	31914907	German Oscar	Germona	CSM860	Citroen	Berlingo	f	-	t	Alcoholemia positiva 0,49 g/l	2026-04-13 13:53:34.700786+00	2026-04-13 13:53:34.700802+00	4	SI	infracciones/adjuntos/WhatsApp_Image_2026-04-11_at_05.45.46.pdf	2026-04-11 08:06:00+00	Jessica Sandoval
52	48313	29443650	Sergio Martin	Andrada	FAD149	Ford	Fiesta	f	-	t	Alcoholemia positiva 0,56 l/g	2026-04-13 14:02:44.697938+00	2026-04-13 14:02:44.697952+00	4	SI	infracciones/adjuntos/WhatsApp_Image_2026-04-13_at_07.19.40.pdf	2026-04-11 06:50:00+00	Marinho Karina
53	48314	40207592	Agustina	Miranda Coronada	AD938IK	Volkswagen	Gol	f	-	t	Alcoholemia positiva 1,01 g/l	2026-04-14 12:47:09.547317+00	2026-04-14 12:47:09.547327+00	4	SI	infracciones/adjuntos/WhatsApp_Image_2026-04-13_at_07.18.48.pdf	2026-04-11 09:41:00+00	Marinho Karina
54	48237	23959114	Víctor Hugo	Maliqueo	AA251JR	Ford	Fiesta	f	-	t	Sin seguro obligatorio, vencido desde 28/03/2026	2026-04-14 13:03:44.811273+00	2026-04-14 13:03:44.811285+00	4	NC	infracciones/adjuntos/WhatsApp_Image_2026-04-11_at_06.54.47.pdf	2026-04-11 09:39:00+00	Sepulveda Daiana
55	48438	-	-	-	VYG45	Renault	12	f	-	t	Abandono del vehículo en vía publica, rotonda 25 de Mayo.	2026-04-14 13:26:56.414512+00	2026-04-14 13:26:56.414523+00	4	NC	infracciones/adjuntos/WhatsApp_Image_2026-04-13_at_10.49.36.pdf	2026-04-11 10:02:00+00	Monica Godoy
56	48000	33946688	Matias	Raffa	490JMG	Mondial	Dax	f	-	f	Falta de documentación reglamentaria	2026-04-14 14:09:12.599584+00	2026-04-14 14:09:12.599598+00	4	NC	infracciones/adjuntos/WhatsApp_Image_2026-04-11_at_08.05.30_1.pdf	2026-04-11 09:38:00+00	Gaitan Elizabeth
57	47597	94887193	Luciana Lisbeth	Ríos Cáceres	GBF370	Toyota	Corolla	f	-	t	Falta de seguro obligatorio	2026-04-14 14:20:27.376871+00	2026-04-14 14:20:27.376884+00	4	NC	infracciones/adjuntos/WhatsApp_Image_2026-04-11_at_04.40.59.pdf	2026-04-11 06:29:00+00	Galdamez, Eliana Belén
58	48437	38535295	Yohana	Melivilo	A204ZEH	Mondial	110	f	-	t	Falta de cedula y falta de licencia.	2026-04-14 14:31:02.400155+00	2026-04-14 14:31:02.400165+00	4	NC	infracciones/adjuntos/WhatsApp_Image_2026-04-11_at_06.03.23.pdf	2026-04-11 08:53:00+00	Monica Godoy
59	47599	35887343	Mayra Fiorella	Lemes	GCS996	Peugeot	206	f	-	t	Falta de cedula	2026-04-14 14:43:55.287111+00	2026-04-14 14:43:55.287123+00	4	NC	infracciones/adjuntos/WhatsApp_Image_2026-04-11_at_06.06.16.pdf	2026-04-11 08:48:00+00	Galdamez, Eliana Belén
60	48442	21354777	Angel Alberto	Parra	HYN790	Renault	Kangoo	f	-	t	Licencia vencida, art. N°72 inc. N° b-1. ley N°24.449 presenta resolución N° 196/22 T.F.M. realizada el 06/03/22 por policía del Chubut Acta N°66161.	2026-04-16 15:29:54.082753+00	2026-04-16 15:29:54.082765+00	4	NO	infracciones/adjuntos/WhatsApp_Image_2026-04-16_at_09.35.56_1.pdf	2026-04-15 22:19:00+00	Monica Godoy
\.


--
-- TOC entry 3649 (class 0 OID 16513)
-- Dependencies: 242
-- Data for Name: ingresos_auditoriaingreso; Type: TABLE DATA; Schema: public; Owner: postgres
--

COPY public.ingresos_auditoriaingreso (id, creado_en, accion, cambios, usuario_id, ingreso_id) FROM stdin;
1	2026-03-16 11:41:48.361211+00	CREACION	{"ingreso": "Creación del ingreso"}	6	1
2	2026-03-16 11:50:46.910905+00	CREACION	{"ingreso": "Creación del ingreso"}	6	2
3	2026-03-16 12:00:17.51843+00	CREACION	{"ingreso": "Creación del ingreso"}	7	3
4	2026-03-16 12:05:31.666284+00	CREACION	{"ingreso": "Creación del ingreso"}	7	4
5	2026-03-16 12:06:27.29827+00	EDICION	{"ingreso": {"fecha_secuestro": {"antes": "2026-03-14T09:03:00+00:00", "despues": null}, "acta_infraccion_recibida": {"antes": true, "despues": false}}, "vehiculo": {"nro_motor": {"antes": "", "despues": "----"}, "nro_chasis": {"antes": "", "despues": "..."}}}	7	3
6	2026-03-16 12:15:13.474666+00	CREACION	{"ingreso": "Creación del ingreso"}	7	5
7	2026-03-16 12:16:23.031937+00	CREACION	{"ingreso": "Creación del ingreso"}	6	6
8	2026-03-16 12:18:34.89394+00	EDICION	{"ingreso": {"fecha_secuestro": {"antes": "2026-03-14T07:51:00+00:00", "despues": null}, "observaciones_generales": {"antes": "", "despues": "QUEDA UNA CAJA EN EL INTERIOR DEL AUTO, DESCONICIMIENTO DEL CONTEMIDO QUIEN RETIRA DICHA PERTENENCIA ¨ FACUNDO TAMIS ¨"}}, "vehiculo": {"nro_motor": {"antes": "", "despues": "--"}, "nro_chasis": {"antes": "", "despues": "--"}}}	7	5
9	2026-03-16 12:25:25.958921+00	EDICION	{"ingreso": {"fecha_secuestro": {"antes": null, "despues": "2026-03-14T06:03:00-03:00"}}}	7	3
10	2026-03-16 12:26:28.461391+00	EDICION	{"ingreso": {"fecha_secuestro": {"antes": null, "despues": "2026-03-14T04:51:00-03:00"}}}	7	5
11	2026-03-16 12:50:23.662888+00	EDICION	{"ingreso": {"observaciones_generales": {"antes": "retira llave, no quiso entregarla", "despues": "retira llave, no quiso entregarla\\r\\nno se pone numero de chasis y motor hasta obtenerlo\\r\\nno se pone modelo de año hasta obtenerlo"}}, "vehiculo": {"nro_motor": {"antes": "", "despues": "-"}, "nro_chasis": {"antes": "", "despues": "-"}}}	6	6
12	2026-03-16 14:22:38.837937+00	EDICION	{"ingreso": {"fecha_secuestro": {"antes": "2026-03-14T06:07:00+00:00", "despues": null}, "observaciones_generales": {"antes": "espejo retrovisor de lado izquierdo con un golpe", "despues": "espejo retrovisor de lado izquierdo con un golpe\\r\\ndetalles de pintura en parte superior de puerta izquierda, faro izquierdo y la punta del paragolpes parte inferior del lado izquierdo.\\r\\ngolpe o abolladura puerta izquierda parte inferior"}}, "vehiculo": {"nro_motor": {"antes": "", "despues": "--"}, "nro_chasis": {"antes": "", "despues": "--"}}}	7	1
13	2026-03-16 14:24:23.737179+00	EDICION	{"ingreso": {"fecha_secuestro": {"antes": null, "despues": "2026-03-14T03:07:00-03:00"}}}	7	1
14	2026-03-16 14:28:34.481725+00	EDICION	{"ingreso": {"fecha_secuestro": {"antes": "2026-03-14T09:03:00+00:00", "despues": null}, "observaciones_generales": {"antes": "", "despues": "parabrisas roto la do derecho"}}}	7	3
15	2026-03-16 14:34:30.933945+00	EDICION	{"ingreso": {"observaciones_generales": {"antes": "", "despues": "guardabarros ambos lados mas capo esta pintados de negro\\r\\nparabrisas roto lado chofer\\r\\nparagolpes trasero punta superior deteriorada izquierdo ópticas en condiciones de deterioro"}}, "vehiculo": {"nro_motor": {"antes": "", "despues": "--"}, "nro_chasis": {"antes": "", "despues": "--"}}}	7	4
16	2026-03-16 14:38:06.414651+00	EDICION	{"ingreso": {"observaciones_generales": {"antes": "espejo retrovisor de lado izquierdo con un golpe\\r\\ndetalles de pintura en parte superior de puerta izquierda, faro izquierdo y la punta del paragolpes parte inferior del lado izquierdo.\\r\\ngolpe o abolladura puerta izquierda parte inferior", "despues": "espejo retrovisor de lado izquierdo con un golpe\\r\\ndetalles de pintura en parte superior de puerta derecha, faro derecha y la punta del paragolpes parte inferior del lado derecho.\\r\\ngolpe o abolladura puerta derecho parte inferior"}}}	7	1
17	2026-03-16 14:39:19.148032+00	EDICION	{"ingreso": {"fecha_secuestro": {"antes": "2026-03-14T08:29:00+00:00", "despues": "2026-04-12T05:29:00-03:00"}}, "vehiculo": {"nro_motor": {"antes": "", "despues": "--"}, "nro_chasis": {"antes": "", "despues": "--"}}}	7	2
18	2026-03-16 14:40:28.345+00	EDICION	{"ingreso": {"fecha_secuestro": {"antes": "2026-04-12T08:29:00+00:00", "despues": "2026-03-14T05:29:00-03:00"}}}	7	2
19	2026-03-16 14:41:53.48573+00	EDICION	{"ingreso": {"fecha_secuestro": {"antes": null, "despues": "2026-03-14T06:03:00-03:00"}}}	7	3
20	2026-03-19 15:51:55.788223+00	EGRESO	{"egreso": "Registro de retiro"}	7	1
21	2026-03-20 15:01:08.368492+00	EGRESO	{"egreso": "Registro de retiro"}	5	2
22	2026-03-25 11:41:39.55239+00	CREACION	{"ingreso": "Creación del ingreso"}	6	7
23	2026-03-25 11:51:45.277962+00	CREACION	{"ingreso": "Creación del ingreso"}	7	8
24	2026-03-25 11:58:34.716295+00	CREACION	{"ingreso": "Creación del ingreso"}	6	9
25	2026-03-25 12:04:30.5944+00	CREACION	{"ingreso": "Creación del ingreso"}	7	10
26	2026-03-25 12:06:25.568045+00	CREACION	{"ingreso": "Creación del ingreso"}	6	11
27	2026-03-25 12:18:41.229655+00	CREACION	{"ingreso": "Creación del ingreso"}	7	12
28	2026-03-25 12:20:36.355627+00	EDICION	{"ingreso": {"fecha_secuestro": {"antes": "2026-03-05T08:48:00+00:00", "despues": "2026-03-21T05:48:00-03:00"}}}	7	12
29	2026-03-25 12:33:50.79045+00	CREACION	{"ingreso": "Creación del ingreso"}	6	13
30	2026-03-25 12:34:03.642384+00	CREACION	{"ingreso": "Creación del ingreso"}	7	14
31	2026-03-25 12:44:43.501507+00	EDICION	{"ingreso": {"fecha_secuestro": {"antes": "2026-03-14T09:03:00+00:00", "despues": "2026-03-16T06:03:00-03:00"}, "observaciones_generales": {"antes": "parabrisas roto la do derecho", "despues": "FALTA DE DOCUMENTACION LICENCIA Y SEGURO\\r\\nparabrisas roto la do derecho"}, "acta_infraccion_recibida": {"antes": false, "despues": true}, "inventario_objetos_visibles_recibido": {"antes": false, "despues": true}}}	7	3
32	2026-03-25 13:39:58.843196+00	EDICION	{"ingreso": {"nro_legajo_playon": {"antes": "14/2026", "despues": "14/26"}}, "vehiculo": {"nro_motor": {"antes": "", "despues": "0"}, "nro_chasis": {"antes": "", "despues": "0"}}}	6	13
33	2026-03-25 13:40:57.21451+00	EDICION	{"ingreso": {"nro_legajo_playon": {"antes": "11/2026", "despues": "11/26"}}}	6	11
34	2026-03-25 13:42:15.921272+00	EDICION	{"ingreso": {"nro_legajo_playon": {"antes": "8/2026", "despues": "8/26"}}, "vehiculo": {"nro_motor": {"antes": "", "despues": "0"}, "nro_chasis": {"antes": "", "despues": "0"}}}	6	7
35	2026-03-25 13:43:27.97869+00	EDICION	{"ingreso": {"nro_legajo_playon": {"antes": "7/2026", "despues": "7/26"}}, "vehiculo": {"nro_motor": {"antes": "", "despues": "0"}, "nro_chasis": {"antes": "", "despues": "0"}}}	6	9
97	2026-04-09 11:54:51.286864+00	CREACION	{"ingreso": "Creación del ingreso"}	6	44
36	2026-03-25 13:44:55.420982+00	EDICION	{"ingreso": {"nro_legajo_playon": {"antes": "6/2026", "despues": "6/26"}}}	6	6
37	2026-03-25 14:20:58.676041+00	CREACION	{"ingreso": "Creación del ingreso"}	5	15
38	2026-03-25 14:26:10.318124+00	CREACION	{"ingreso": "Creación del ingreso"}	5	16
39	2026-03-25 14:46:25.360136+00	EDICION	{"ingreso": {"fecha_secuestro": {"antes": "2026-03-22T08:02:00+00:00", "despues": null}, "observaciones_generales": {"antes": "DETALLES EN LA TROPA DE LA CAMIONETA \\r\\nPUERTA TRACERA DERECHA PARTE INFERIOR\\r\\nFALTA BAGUETA DEL LADOP DEL CHOFER", "despues": "DETALLES EN LA TROMPA DE LA CAMIONETA \\r\\nPUERTA TRACERA DERECHA PARTE INFERIOR\\r\\nFALTA BAGUETA DEL LADO DEL CHOFER"}}, "vehiculo": {"marca": {"antes": "CHEBROLET", "despues": "CHEVROLET"}}}	5	14
40	2026-03-25 15:00:04.154875+00	CREACION	{"ingreso": "Creación del ingreso"}	11	17
41	2026-03-25 15:08:51.40417+00	CREACION	{"ingreso": "Creación del ingreso"}	11	18
42	2026-03-25 15:57:12.869192+00	EDICION	{"ingreso": {"fecha_secuestro": {"antes": null, "despues": "2026-03-22T05:02:00-03:00"}}}	5	14
43	2026-03-25 16:12:29.908086+00	EDICION	{"ingreso": {"fecha_secuestro": {"antes": "2026-03-22T06:05:00+00:00", "despues": null}}, "vehiculo": {"modelo": {"antes": "CLIO", "despues": "PALIO"}}}	5	13
44	2026-03-25 16:49:25.907463+00	EGRESO	{"egreso": "Registro de retiro"}	5	4
45	2026-03-25 17:10:06.499807+00	EDICION	{"ingreso": {"fecha_secuestro": {"antes": null, "despues": "2026-03-22T03:05:00-03:00"}}}	5	13
46	2026-03-25 17:35:30.267558+00	EDICION	{"vehiculo": {"modelo": {"antes": "blitz", "despues": "blizt"}}}	11	8
47	2026-03-26 11:22:04.388033+00	EDICION	{"ingreso": {"fecha_secuestro": {"antes": "2026-03-16T09:03:00+00:00", "despues": "2026-03-14T06:03:00-03:00"}}}	7	3
48	2026-03-26 15:10:11.520364+00	EGRESO	{"egreso": "Registro de retiro"}	7	5
49	2026-03-26 16:27:24.968876+00	EGRESO	{"egreso": "Registro de retiro"}	7	3
50	2026-03-26 17:17:48.647567+00	CREACION	{"ingreso": "Creación del ingreso"}	11	19
51	2026-03-27 16:05:33.235921+00	EGRESO	{"egreso": "Registro de retiro"}	5	17
52	2026-03-30 13:00:16.94624+00	CREACION	{"ingreso": "Creación del ingreso"}	6	20
53	2026-03-30 13:07:37.007269+00	CREACION	{"ingreso": "Creación del ingreso"}	6	21
54	2026-03-30 13:11:16.184733+00	CREACION	{"ingreso": "Creación del ingreso"}	7	22
55	2026-03-30 13:13:01.072506+00	CREACION	{"ingreso": "Creación del ingreso"}	6	23
56	2026-03-30 13:17:29.975291+00	CREACION	{"ingreso": "Creación del ingreso"}	6	24
57	2026-03-30 13:17:55.749323+00	CREACION	{"ingreso": "Creación del ingreso"}	7	25
58	2026-03-30 13:24:48.148035+00	CREACION	{"ingreso": "Creación del ingreso"}	7	26
59	2026-03-30 13:25:19.469843+00	CREACION	{"ingreso": "Creación del ingreso"}	6	27
60	2026-03-30 13:36:29.594313+00	CREACION	{"ingreso": "Creación del ingreso"}	6	28
61	2026-03-30 14:27:01.49817+00	EDICION	{"ingreso": {"observaciones_generales": {"antes": "NO SE PONE NUMERO DE MOTOR/CHASIS POR NO TENER DICHA INFORMACION\\r\\nFALTA DE SEGURO OBLIGATORIO", "despues": "NO SE PONE NUMERO DE MOTOR/CHASIS POR NO TENER DICHA INFORMACION\\r\\nFALTA DE SEGURO OBLIGATORIO\\r\\nSE NIEGA HACER TEST DE ALCOHOLEMIA"}, "prueba_alcoholemia_estado": {"antes": "NC", "despues": "SI"}}, "vehiculo": {"nro_motor": {"antes": "", "despues": "0"}, "nro_chasis": {"antes": "", "despues": "0"}}}	6	23
62	2026-03-31 12:56:03.180857+00	EGRESO	{"egreso": "Registro de retiro"}	6	7
63	2026-03-31 13:27:49.946642+00	EGRESO	{"egreso": "Registro de retiro"}	6	11
64	2026-03-31 15:06:52.502657+00	EGRESO	{"egreso": "Registro de retiro"}	6	16
65	2026-03-31 16:36:34.558403+00	EGRESO	{"egreso": "Registro de retiro"}	11	12
66	2026-04-01 13:31:40.240884+00	EGRESO	{"egreso": "Registro de retiro"}	6	19
67	2026-04-01 14:23:17.393711+00	EGRESO	{"egreso": "Registro de retiro"}	6	18
68	2026-04-01 15:08:52.543511+00	EDICION	{"ingreso": {"fecha_secuestro": {"antes": "2026-03-29T08:00:00+00:00", "despues": null}}, "vehiculo": {"marca": {"antes": "PE", "despues": "PEUGUEOT"}}}	11	21
69	2026-04-01 15:10:16.02787+00	EDICION	{"ingreso": {"fecha_secuestro": {"antes": null, "despues": "2026-03-29T05:00:00-03:00"}}}	11	21
70	2026-04-01 16:02:15.827409+00	EGRESO	{"egreso": "Registro de retiro"}	11	23
71	2026-04-01 16:46:20.186123+00	EGRESO	{"egreso": "Registro de retiro"}	11	25
72	2026-04-01 16:59:49.7695+00	EGRESO	{"egreso": "Registro de retiro"}	11	24
73	2026-04-01 17:10:03.697806+00	EGRESO	{"egreso": "Registro de retiro"}	11	15
74	2026-04-01 17:12:56.138919+00	EGRESO	{"egreso": "Registro de retiro"}	11	21
75	2026-04-01 17:41:38.404566+00	EGRESO	{"egreso": "Registro de retiro"}	11	14
76	2026-04-01 17:47:46.71671+00	EGRESO	{"egreso": "Registro de retiro"}	11	26
77	2026-04-06 12:43:53.385451+00	CREACION	{"ingreso": "Creación del ingreso"}	6	29
78	2026-04-06 12:51:37.895584+00	CREACION	{"ingreso": "Creación del ingreso"}	6	30
79	2026-04-06 13:03:05.594253+00	CREACION	{"ingreso": "Creación del ingreso"}	6	31
80	2026-04-06 13:06:03.24927+00	CREACION	{"ingreso": "Creación del ingreso"}	7	32
81	2026-04-06 13:18:17.99809+00	CREACION	{"ingreso": "Creación del ingreso"}	6	33
82	2026-04-06 13:20:31.331497+00	CREACION	{"ingreso": "Creación del ingreso"}	7	34
83	2026-04-06 13:30:22.458073+00	CREACION	{"ingreso": "Creación del ingreso"}	6	35
84	2026-04-06 13:37:00.333318+00	CREACION	{"ingreso": "Creación del ingreso"}	7	36
85	2026-04-06 14:55:15.312678+00	EGRESO	{"egreso": "Registro de retiro"}	6	28
86	2026-04-06 14:57:43.204855+00	CREACION	{"ingreso": "Creación del ingreso"}	11	37
87	2026-04-06 15:05:01.655114+00	EDICION	{"ingreso": {"nro_legajo_playon": {"antes": "38", "despues": "38/26"}}}	11	37
88	2026-04-06 15:39:32.766032+00	CREACION	{"ingreso": "Creación del ingreso"}	11	38
89	2026-04-06 15:46:40.01666+00	CREACION	{"ingreso": "Creación del ingreso"}	11	39
90	2026-04-06 15:47:15.875854+00	EDICION	{"ingreso": {"fecha_secuestro": {"antes": null, "despues": "2026-04-05T07:00:00-03:00"}}}	11	39
91	2026-04-06 15:55:22.810538+00	CREACION	{"ingreso": "Creación del ingreso"}	11	40
92	2026-04-06 16:13:13.033522+00	CREACION	{"ingreso": "Creación del ingreso"}	11	41
93	2026-04-06 16:58:33.798688+00	CREACION	{"ingreso": "Creación del ingreso"}	11	42
94	2026-04-06 17:15:35.591619+00	EGRESO	{"egreso": "Registro de retiro"}	11	8
95	2026-04-07 17:31:53.540392+00	CREACION	{"ingreso": "Creación del ingreso"}	11	43
96	2026-04-08 15:40:37.144064+00	EGRESO	{"egreso": "Registro de retiro"}	11	37
98	2026-04-09 15:35:58.873246+00	EDICION	{"ingreso": {"fecha_secuestro": {"antes": "2026-04-03T05:14:00+00:00", "despues": "2026-04-04T02:14:00-03:00"}}}	11	32
99	2026-04-09 15:38:30.008537+00	EDICION	{"ingreso": {"fecha_secuestro": {"antes": "2026-04-03T05:08:00+00:00", "despues": "2026-04-04T02:08:00-03:00"}}}	11	34
100	2026-04-09 15:40:30.793997+00	EGRESO	{"egreso": "Registro de retiro"}	11	34
101	2026-04-09 15:52:05.050235+00	EDICION	{"vehiculo": {"dominio": {"antes": "JGG195", "despues": "JGG 195"}}}	11	40
102	2026-04-09 16:00:25.811157+00	EDICION	{"ingreso": {"fecha_secuestro": {"antes": "2026-04-02T05:38:00+00:00", "despues": "2026-04-05T02:38:00-03:00"}, "acta_infraccion_recibida": {"antes": true, "despues": false}}, "vehiculo": {"nro_motor": {"antes": "", "despues": "0"}, "nro_chasis": {"antes": "", "despues": "0"}}}	11	29
103	2026-04-10 11:38:10.273259+00	CREACION	{"ingreso": "Creación del ingreso"}	7	45
104	2026-04-10 11:43:59.003594+00	EDICION	{"ingreso": {"coincide_inventario": {"antes": false, "despues": true}, "observaciones_generales": {"antes": "", "despues": "ESTADO DE LA MOTO REGULAR \\r\\nSIN ESPEJOS RETROVISORES"}, "detalle_danios_no_coincidentes": {"antes": "ESTADO DE LA MOTO REGULAR \\r\\nSIN ESPEJOS RETROVISORES", "despues": ""}}, "vehiculo": {"modelo": {"antes": "WAVW 110", "despues": "WAVE 110"}}}	7	45
105	2026-04-10 13:46:45.872969+00	EGRESO	{"egreso": "Registro de retiro"}	6	38
106	2026-04-10 14:15:15.875261+00	EGRESO	{"egreso": "Registro de retiro"}	6	39
107	2026-04-10 15:00:41.085253+00	EGRESO	{"egreso": "Registro de retiro"}	6	29
108	2026-04-10 15:17:16.249055+00	EDICION	{"vehiculo": {"dominio": {"antes": "RNZ423", "despues": "RHZ423"}}}	6	31
109	2026-04-10 15:18:24.346409+00	EGRESO	{"egreso": "Registro de retiro"}	11	30
110	2026-04-10 16:01:38.464029+00	EGRESO	{"egreso": "Registro de retiro"}	7	31
111	2026-04-10 16:27:20.84007+00	EGRESO	{"egreso": "Registro de retiro"}	11	32
112	2026-04-13 11:49:11.109851+00	CREACION	{"ingreso": "Creación del ingreso"}	6	46
113	2026-04-13 11:57:58.885946+00	CREACION	{"ingreso": "Creación del ingreso"}	6	47
114	2026-04-13 12:08:27.140279+00	CREACION	{"ingreso": "Creación del ingreso"}	6	48
115	2026-04-13 12:18:21.513071+00	CREACION	{"ingreso": "Creación del ingreso"}	6	49
116	2026-04-13 12:20:02.771158+00	EDICION	{"ingreso": {"observaciones_generales": {"antes": "", "despues": "FALTA DE DOCUMENTACION \\r\\nNO SE PONE NUMERO DE CHASIS/MOTOR POR NO TENER DICHA INFORMACION"}}, "vehiculo": {"dominio": {"antes": "49", "despues": "JNG 490"}, "nro_motor": {"antes": "", "despues": "0"}, "nro_chasis": {"antes": "", "despues": "0"}}}	6	49
117	2026-04-13 12:23:42.697165+00	EDICION	{"vehiculo": {"dominio": {"antes": "JNG 490", "despues": "JMG 490"}}}	6	49
118	2026-04-13 12:34:25.107067+00	CREACION	{"ingreso": "Creación del ingreso"}	6	50
119	2026-04-13 12:43:09.822913+00	CREACION	{"ingreso": "Creación del ingreso"}	6	51
120	2026-04-13 12:43:52.861286+00	EDICION	{"vehiculo": {"dominio": {"antes": "A204", "despues": "A204ZEH"}, "nro_motor": {"antes": "", "despues": "0"}, "nro_chasis": {"antes": "", "despues": "0"}}}	6	51
121	2026-04-13 12:51:54.762474+00	CREACION	{"ingreso": "Creación del ingreso"}	6	52
122	2026-04-13 13:05:19.174093+00	CREACION	{"ingreso": "Creación del ingreso"}	6	53
123	2026-04-13 13:13:06.658392+00	CREACION	{"ingreso": "Creación del ingreso"}	6	54
124	2026-04-13 13:25:37.537767+00	CREACION	{"ingreso": "Creación del ingreso"}	6	55
125	2026-04-13 13:40:43.470189+00	CREACION	{"ingreso": "Creación del ingreso"}	6	56
126	2026-04-13 15:37:55.432405+00	EGRESO	{"egreso": "Registro de retiro"}	6	41
127	2026-04-13 16:01:11.106844+00	EGRESO	{"egreso": "Registro de retiro"}	11	43
128	2026-04-13 16:28:55.949037+00	EGRESO	{"egreso": "Registro de retiro"}	11	35
129	2026-04-13 16:58:26.741464+00	EGRESO	{"egreso": "Registro de retiro"}	6	56
130	2026-04-13 17:55:50.225315+00	EGRESO	{"egreso": "Registro de retiro"}	11	33
131	2026-04-14 17:47:33.414684+00	EGRESO	{"egreso": "Registro de retiro"}	11	53
132	2026-04-14 18:32:14.41787+00	EGRESO	{"egreso": "Registro de retiro"}	11	20
133	2026-04-15 16:20:54.771376+00	EGRESO	{"egreso": "Registro de retiro"}	11	40
134	2026-04-15 17:43:33.871307+00	EGRESO	{"egreso": "Registro de retiro"}	11	47
135	2026-04-16 12:04:10.209999+00	CREACION	{"ingreso": "Creación del ingreso"}	7	57
136	2026-04-16 15:18:42.53579+00	EDICION	{"vehiculo": {"dominio": {"antes": "GBF370", "despues": "GBE370"}, "nro_motor": {"antes": "", "despues": "0"}, "nro_chasis": {"antes": "", "despues": "0"}}}	6	55
\.


--
-- TOC entry 3651 (class 0 OID 16525)
-- Dependencies: 244
-- Data for Name: ingresos_ingresoplayon; Type: TABLE DATA; Schema: public; Owner: postgres
--

COPY public.ingresos_ingresoplayon (id, fecha_ingreso, tipo_vehiculo, marca, modelo, anio, color, nro_legajo_playon, lugar_infraccion, acta_infraccion_recibida, acta_secuestro_recibida, inventario_objetos_visibles_recibido, registro_fotografico_recibido, prueba_alcoholemia_estado, coincide_inventario, coinciden_danios_registrados, detalle_danios_no_coincidentes, bateria_desconectada, ubicacion_interna, observaciones_generales, retirado, fecha_retiro, nombre_retira, dni_retira, observaciones_egreso, entregado_por_id, lugar_id, recibido_por_id, vehiculo_id, operador_grua, fecha_secuestro, oficio_juez_archivo) FROM stdin;
3	2026-03-16 12:00:17.516312+00	AUTO	fiat	uno	0	verde	1/26	Bartolomé mitre al 300	t	t	t	t	NC	f	f		f	E1	FALTA DE DOCUMENTACION LICENCIA Y SEGURO\r\nparabrisas roto la do derecho	t	2026-03-26 16:27:24.961861+00	CASTILLO QUIROZ ANDREA LORENA	27.381.437	MADRE DEL CONDUCTOR	7	61	7	3	BARROSO	2026-03-14 09:03:00+00	
9	2026-03-25 11:58:34.714206+00	AUTO	chevrolet	corsa	0	gris	7/26	castelli	t	t	t	t	NC	t	t		f	f1	no se pone N° de chasis/motor por no tener dicha informacion	f	\N				\N	76	6	9	la ruta	2026-03-21 07:59:00+00	
6	2026-03-16 12:16:23.02997+00	MOTO	corven	energy	0	ploteado	6/26	9 de julio entre roca y pelegrini	t	t	t	t	SI	f	t		f	z1	retira llave, no quiso entregarla\r\nno se pone numero de chasis y motor hasta obtenerlo\r\nno se pone modelo de año hasta obtenerlo	f	\N				\N	376	6	6	barroso	2026-03-14 07:23:00+00	
1	2026-03-16 11:41:48.35894+00	AUTO	fiat	palio	0	blanco	2/26	mitre y 9 de julio	t	t	t	t	SI	t	f		f	a1	espejo retrovisor de lado izquierdo con un golpe\r\ndetalles de pintura en parte superior de puerta derecha, faro derecha y la punta del paragolpes parte inferior del lado derecho.\r\ngolpe o abolladura puerta derecho parte inferior	t	2026-03-19 15:51:55.78082+00	BENITES DANIELA ROCIO	34665121	ACOMPAÑA LA TITULAR DEL VEICULO.	7	1	6	1	barroso	2026-03-14 06:07:00+00	
2	2026-03-16 11:50:46.908786+00	CAMIONETA	ford	maverick	0	negro	3/26	9 de julio y mitre	t	t	t	t	SI	t	t		f	d1		t	2026-03-20 15:01:08.362143+00	Jones Claudio Luis	20.589.631	Retira el padre del infractor	5	46	6	2	barroso	2026-03-14 08:29:00+00	
19	2026-03-26 17:17:48.644462+00	AUTO	CHEVROLET	CORSA	0	GRIS	19/26	ANTARTIDA ARGENTINA Y CONESA	t	t	f	t	NC	t	t		t	B1	AL MOMENTO DEL SECUESTRO, NO SE PRESENTO NINGUNA DOCUMENTACION QUE ACREDITE LA TITULARIDAD DEL MISMO. SOLO CONTABA CON PAPEL DE "COMPRA-VENTA".	t	2026-04-01 13:31:40.233828+00	arriagada marcela	28046377		6	16	11	19	EMPRESA "LA RUTA"	2026-03-26 14:36:00+00	
10	2026-03-25 12:04:30.592476+00	MOTO	HONDA	NAVI	0	CAMUFLADO	10/26	Av. 25 de mayo	t	t	t	t	SI	t	t		f	Z 3		f	\N				\N	378	7	10	FACUNDO TAMIS ( LA RUTA ) BARROSO	2026-03-21 09:39:00+00	
13	2026-03-25 12:33:50.788258+00	AUTO	FIAT	CLIO	0	AZUL OSCURO	14/26	CASTELLI N°351	t	t	t	t	NC	t	f		f	H1	NIEGA DOCUMENTACION\r\nRETIRA PAQUETES DE CIGARILLOS CON ENCEDEDOR, CELULAR, AURICULARES, DESTORNILLADOR,2 CAJAS DE VINO UNA ABIERTA, UNA FRAZADA.\r\nUNA CAJA DE LECHUGA, UN PARLANTE PORTATIL, CAJA DE HERRAMIENTAS VACIA, $50 PESOS, UN CUADERNO.\r\nABAJO DEL ASIENTO DEL ACOMPAÑANTE UNA CAJA DE VINO Y UNA SOGA ABAJO DEL ASIENTO LADO CONDUCTOR	f	\N				\N	106	6	13	LA RUTA	2026-03-22 06:05:00+00	
17	2026-03-25 15:00:04.152082+00	CAMIONETA	RAM	DODGE	0	ROJA	17/26	AV. 25 DE MAYO 555	t	t	t	t	SI	t	t		t	L1	SE NIEGA A COLABORAR CON PROCEDIMIENTO DE SECUESTRO NO ENTREGANDO LA LLAVE Y DEJANDO LA CAMIONETA EN CAMBIO. SE DA INTERVENCIÓN A POLICIA.	t	2026-03-27 16:05:33.229146+00	Muñoz Camila Maribel	40.872.057	Retira hija del conductor	5	166	11	17	ACARREO A CARGO DEL CONDUCTOR. EMPRESA "LA RUTA"	2026-03-22 08:35:00+00	
26	2026-03-30 13:24:48.146391+00	AUTO	TOYOTA	COROLLA	0	GRIS	22/26	Av. 25 de mayo	t	t	t	t	SI	f	f		f	C3		t	2026-04-01 17:47:46.710391+00	DANIEL ACUÑA	95432492		11	33	7	26	FACUNDO TAMIS( LA RUTA "BARROSO")	2026-03-29 07:03:00+00	
4	2026-03-16 12:05:31.664087+00	AUTO	fiat	SIENA	0	GRIS Y NEGRO	4/26	9 DE JULIO Y MITRE	f	t	f	f	SI	t	f		f	C1	guardabarros ambos lados mas capo esta pintados de negro\r\nparabrisas roto lado chofer\r\nparagolpes trasero punta superior deteriorada izquierdo ópticas en condiciones de deterioro	t	2026-03-25 16:49:25.900761+00	DIEGO OSCAR PEÑA	27.750.955	RETIRA EL HEMANO DEL DUEÑO	5	31	7	4	BARROSO	2026-03-14 08:20:00+00	
5	2026-03-16 12:15:13.472662+00	AUTO	RENAULT	TWINGO	0	VERDE	5/26	9 DE JULIO Y MITRE	f	t	f	t	SI	t	f	OPTICAS DELANTERAS ROTAS PEGADAS CON CINTA ADECIVA	f	B1	QUEDA UNA CAJA EN EL INTERIOR DEL AUTO, DESCONICIMIENTO DEL CONTEMIDO QUIEN RETIRA DICHA PERTENENCIA ¨ FACUNDO TAMIS ¨	t	2026-03-26 15:10:11.513869+00	VELAZQUEZ DARIO DANIEL	22495570	padre del conductor	7	16	7	5	BARROSO	2026-03-14 07:51:00+00	
22	2026-03-30 13:11:16.18205+00	AUTO	FORD	FIESTA	0	ROJO	20/26	Av. 25 de mayo	t	t	f	t	SI	f	f	OBJETOS RETIRADOS DEL VEHICULO RETIRO DE ZAPATILLAS, TERMO Y CAMPERA	f	A3	SE OBSERVA DAÑO VISBLE A LA VISTA EN PARTE DE LA TROMPA DEL VEHICULO. \r\nPARAGOLPE, CAPOT VISIBLEENTE DAÑADOS, FALTA GUARDABARRO DELANTERO LADO CONDUCTOR	f	\N				\N	3	7	22	FACUNDO TAMIS ( LA RUTA "BARROSO")	2026-03-29 06:10:00+00	
27	2026-03-30 13:25:19.467894+00	AUTO	CHEVROLET	ONIX	0	NEGRO	27/26	AV. 25 DE MAYO	t	t	t	t	SI	t	t		f	E3		f	\N				\N	63	6	27	LA RUTA	2026-03-29 07:35:00+00	
7	2026-03-25 11:41:39.550408+00	AUTO	volkswagen	vento	0	negro	8/26	Av 25 de mayo 550	t	t	t	t	SI	t	t		f	a1	No se pone N° de chasis-motor por no tener dicha informacion\r\nretira papeles del vehiculo	t	2026-03-31 12:56:03.174211+00	zalazar gustavo alberto	37604979		6	1	6	7	La ruta	2026-03-21 06:35:00+00	
16	2026-03-25 14:26:10.315905+00	AUTO	Fiat	Strada	0	Blanca	16/26	Av. 25 de mayo y Castelli	t	t	t	t	SI	t	t		f	I1	No se agregan numero de chasis ni de motor por falta de información	t	2026-03-31 15:06:52.496207+00	diego benavidez	34665090		6	121	5	16	Empresa "La Ruta"	2026-03-22 07:15:00+00	
12	2026-03-25 12:18:41.22814+00	CAMIONETA	TOYOTA	HILUX	0	GRIS OSCURO	12/26	Av. 25 de mayo	t	t	t	t	SI	t	t		f	G 1		t	2026-03-31 16:36:34.551932+00	ESPINDOLA ANA LAURA	29115605	RETIRA FAMILIAR DEL CONDUCTOR	11	91	7	12	FACUNDO TAMIS ( LA RUTA ) BARROSO	2026-03-21 08:48:00+00	
18	2026-03-25 15:08:51.402051+00	AUTO	CHEVROLET	CORSA FAMILIAR	0	DORADO	18/26	AV 25 DE MAYO 555	t	t	t	t	SI	t	t		f	M1		t	2026-04-01 14:23:17.38598+00				6	181	11	18	ACARREO A CARGO DEL CONDUCTOR. EMPRESA "LA RUTA"	2026-03-22 09:53:00+00	
25	2026-03-30 13:17:55.747468+00	CAMIONETA	FORD	RANGER	0	AZUL	21/26	Av. 25 de mayo	t	t	f	t	SI	f	f	POSEE UNA CONSERVADORA MARCA MOR DE 42 LITROS COLOR NEGRA	f	B3		t	2026-04-01 16:46:20.179031+00	VILLARROEL JOSE DEL CARMEN	27774534		11	18	7	25	FACUNDO TAMIS ( LA RUTA "BARROSO")	2026-03-29 07:07:00+00	
8	2026-03-25 11:51:45.275876+00	MOTO	motomel	blitz	0	negra	9/26	castelli al 379	t	t	f	t	SI	t	t		f	Z 2		t	2026-04-06 17:15:35.58449+00	VELAZQUEZ ISAIAS ANGEL	44850475		11	377	7	8	FACUNDO TAMIS (LA RUTA) BARROSO	2026-03-21 06:32:00+00	
24	2026-03-30 13:17:29.973097+00	AUTO	RENAULT	FLUENCE	0	GRIS	26/26	AV. 25 DE MAYO	t	t	t	t	SI	t	t		f	I3	NO SE PONE NUMERO DE CHASIS NI MOTOR POR NO TENER DICHA INFORMACION	t	2026-04-01 16:59:49.762669+00	ACUÑA JUAN ANTONIO	30165216		11	123	6	24	LA RUTA	2026-03-29 08:41:00+00	
15	2026-03-25 14:20:58.673861+00	AUTO	CHEVROLET	CORSA	0	GRIS	15/26	CASTELLI AL 415	t	t	t	t	SI	t	f		f	K1		t	2026-04-01 17:10:03.691078+00	ABELAS MARIO ADRES	24449445		11	151	5	15	Empresa "La Ruta"	2026-03-22 08:34:00+00	
21	2026-03-30 13:07:37.004995+00	AUTO	PE	508	0	NEGRO	24/26	AV. 25 DE MAYO	t	t	t	t	SI	t	t		f	G3		t	2026-04-01 17:12:56.132095+00	CABALLERO LILIANA MARIELA	33863350		11	93	6	21	LA RUTA	2026-03-29 08:00:00+00	
11	2026-03-25 12:06:25.565922+00	AUTO	renault	clio	0	negro	11/26	castelli N°415	t	t	t	t	SI	t	t		f	D1	SE CIERRA CON ALARMA PERO SE LLEVA EL CONTROL, ENTREGA SOLAMENTE LA LLAVE DEL VEHICULO	t	2026-03-31 13:27:49.939929+00	reyes basrbara rocio	41040628		6	46	6	11	LA RUTA	2026-03-21 07:41:00+00	
23	2026-03-30 13:13:01.070336+00	CAMIONETA	CHEVROLET	S10	0	GRIS	25/26	AV 25 DE MAYO	t	t	t	t	SI	t	t		f	H3	NO SE PONE NUMERO DE MOTOR/CHASIS POR NO TENER DICHA INFORMACION\r\nFALTA DE SEGURO OBLIGATORIO\r\nSE NIEGA HACER TEST DE ALCOHOLEMIA	t	2026-04-01 16:02:15.820679+00	MUÑOZ MARIELA GISEL	35887148		11	108	6	23	LA RUTA	2026-03-29 09:35:00+00	
14	2026-03-25 12:34:03.640512+00	CAMIONETA	CHEBROLET	S -10	0	GRIS	13/26	Av. 25 de mayo	t	t	t	t	NC	f	t		f	J1	DETALLES EN LA TROMPA DE LA CAMIONETA \r\nPUERTA TRACERA DERECHA PARTE INFERIOR\r\nFALTA BAGUETA DEL LADO DEL CHOFER	t	2026-04-01 17:41:38.398246+00	CHAVEZ JUAN JOSE	40385151		11	136	7	14	LA RUTA BARROSO	2026-03-22 08:02:00+00	
36	2026-04-06 13:37:00.331242+00	AUTO	CHEVROLET	CORSA	0	ROJO	37/26	PUENTE EL ELSA	t	t	t	t	SI	t	f		f	C3	DESPRENDIDO EL PARAGOLPES DELANTERO	f	\N				\N	33	7	36	BARROSO LA RUTA	2026-04-04 04:36:00+00	
28	2026-03-30 13:36:29.590953+00	AUTO	VOLKSWAGEN	GOL	0	GRIS	28/26	AV. 25 DE MAYO	t	t	t	t	SI	t	t		f	F3		t	2026-04-06 14:55:15.307699+00	MELIVILO ADRIAN ANDRES	33392586		6	78	6	28	LA RUTA	2026-03-29 07:24:00+00	
48	2026-04-13 12:08:27.138121+00	AUTO	FORD	FIESTA	0	BLANCO	48/26	AV. 25 DEMAYO N°500	t	t	t	t	NC	t	t		f	L3	LEY 24449 ART40 INC. C.	f	\N				\N	168	6	48	LA RUTA	2026-04-11 09:39:00+00	
42	2026-04-06 16:58:33.796534+00	MOTO	MOTOMEL	150	0	ROJO	43/26	PUENTE EL ELSA	t	f	t	f	NC	t	t		t	Z4		f	\N				\N	379	11	42	EMPRESA "LA RUTA"	2026-04-05 08:48:00+00	
37	2026-04-06 14:57:43.203077+00	AUTO	VOLKSWAGEN	SCIROCCO	0	BLANCO	38/26	PUENTE "EL ELSA"	t	t	t	t	NC	t	t		t	C4	FALTA DE DOCUMENTACION (LICENCIA DE CONDUCIR)	t	2026-04-08 15:40:37.13754+00	MARTINEZ MARTA ELENA	24688330		11	34	11	37	EMPRESA "LA RUTA"	2026-04-05 11:55:00+00	
44	2026-04-09 11:54:51.284628+00	AUTO	FORD	KA	0	ROJO	44/26	PASAJE EVANS	t	t	t	t	NO	t	t		f	C4	FALTA DE DOCUMENTACION \r\nNO SE PONE NUMERO DE MOTOR/CHASIS POR NO TENER DICHA INFORMACION	f	\N				\N	34	6	44	LA RUTA	2026-04-08 22:00:00+00	
39	2026-04-06 15:46:40.014405+00	AUTO	FORD	FOCUS	0	GRIS	40/26	MINI HOSPITAL (PLAYA UNION)	t	t	t	t	NC	t	t		t	L3	SE NEGO A REALIZAR TEST DE ALCOHOLEMIA Y A NO ENTREGAR LA LLAVE DEL VEHICULO	t	2026-04-10 14:15:15.868588+00	LOPEZ ESTAFANIA MARIANA	33946583		6	168	11	39	EMPRESA "LA RUTA"	2026-04-05 10:00:00+00	
34	2026-04-06 13:20:31.329384+00	AUTO	VOLKSWAGEN	FOX	0	GRIS	34/26	PUENTE EL ELSA	t	t	t	t	NC	t	t		t	G3	GOLPE EN EL PORTIN DEL BAUL\r\nDESPERFECTO DE PINTURA GUARDABARRO TRASERO LADO CHOFER	t	2026-04-09 15:40:30+00	ENRIQUE BRIAN	41629000		11	93	7	34	BARROSO LA RUTA	2026-04-04 05:08:00+00	
29	2026-04-06 12:43:53.38333+00	AUTO	CHEVROLET	AGILE	0	GRIS	30/26	AV. GUILLERMO RAWSON AL 1300	f	t	t	t	SI	t	t		f	J3	NO SE PONE NUMERO DE CHASIS/MOTOR POR NO TENER DICHA INFORMACION \r\nCONTIENE TAZAS	t	2026-04-10 15:00:41.078711+00	URRA FRANCO DAVID	33775186		6	138	6	29	LA RUTA	2026-04-05 05:38:00+00	
53	2026-04-13 13:05:19.171843+00	AUTO	CHEVROLET	ASTRA	0	NEGRO	53/26	AV.25 DE MAYO	t	t	t	t	SI	f	t		f	I3	NO SE PONE NUMERO DE CHASIS/MOTOR POR NO TENER DICHA INFORMACION	t	2026-04-14 17:47:33.405958+00	MONTESINO MIGUEL ALBERTO	27841136		11	123	6	53	LA RUTA	2026-04-11 07:10:00+00	
45	2026-04-10 11:38:10.27116+00	MOTO	HONDA	WAVW 110	0	BLANCO	45/26	AV. ANTARTIDA  ARGENTINA   S/N	t	t	t	t	NC	t	f		f	Z2	ESTADO DE LA MOTO REGULAR \r\nSIN ESPEJOS RETROVISORES	f	\N				\N	377	7	45	BARROSO LA RUTA	2026-04-09 20:57:00+00	
38	2026-04-06 15:39:32.763821+00	AUTO	VOLKSWAGEN	VOYAGE	0	ROJO	39/26	PUENTE "EL ELSA"	t	t	t	t	SI	t	t		t	F4	NO SE REGISTRAN DATOS DE N°DE CHASIS NI MOTOR POR NO PRESENTAR LA INFORMACION CORRESPONDIENTE	t	2026-04-10 13:46:45.866191+00	IÑON NICOLAS	35887383		6	79	11	38	EMPRESA "LA RUTA"	2026-04-05 07:04:00+00	
30	2026-04-06 12:51:37.893495+00	AUTO	CHEVROLET	CLASIC	0	GRIS	31/26	AV GUILLERMO RAWSON	t	t	t	t	SI	f	t		f	I3		t	2026-04-10 15:18:24.339432+00	GARCIA NORA PATRICIA	23655583		11	123	6	30	LA RUTA	2026-04-05 05:26:00+00	
31	2026-04-06 13:03:05.592112+00	CAMIONETA	VOLKSWAGEN	SAVEIRO	0	AZUL	33/26	AV. GUILLERMO RAWSON	t	t	t	f	SI	t	t		f	K3		t	2026-04-10 16:01:38.456961+00	SOTO OSCAR ABEL	18554787	RETIRA PROPIETARIO DE VEICLO	7	153	6	31	LA RUTA	2026-04-05 05:26:00+00	
32	2026-04-06 13:06:03.247391+00	AUTO	TOYOTA	ETIOS	0	BLANCO	32/26	PUESTO 604	t	t	t	t	SI	f	f		f	H3		t	2026-04-10 16:27:20.833464+00	JULIO RODRIGO MIJAEL	38535441		11	108	7	32	BAROSO LA RUTA	2026-04-04 05:14:00+00	
46	2026-04-13 11:49:11.108213+00	AUTO	VOLKSWAGEN	GOL	0	BLANCO	46/26	CASTELLI	t	t	t	t	SI	t	t		f	F4	NO SE PONE NUMERO DE MOTOR/CHASIS POR NO TENER DICHA INFORMACION	f	\N				\N	79	6	46	LA RUTA	2026-04-11 09:41:00+00	
51	2026-04-13 12:43:09.820806+00	MOTO	MONDIAL	110	0	GRIS	51/26	AV. 25 DE MAYO	t	t	t	t	NC	t	t		f	Z6	INCUMPLIEMIENTO AL ART.40 INC.A \r\nINCUMPLIMIENTO AL ART. 40 INC.B\r\nNO SE PONE NUMERO DE CHASIS/MOTOR POR NO TENER DICHA INFORMACION	f	\N				\N	381	6	51	LA RUTA	2026-04-11 08:53:00+00	
50	2026-04-13 12:34:25.104746+00	AUTO	PEUGUEOT	206	0	BORDO	50/26	AV. 25 DE MAYO	t	t	t	t	NC	f	f		f	K3	INCUMPLIMIENTO DEL ARTICULO 72 DE LA LEY 24.449: FALTA CEDULA DE IDENTIFICACION \r\nSE OBSERVA QUE PIERDE AGUA DE UNA MANGUERA QUE TIENE ROTA\r\nHACE RETIRO DE DOCUMENTACION DE VEHICULO Y UN PULOVER \r\nNO SE PONE NUMERO DE CHASIS/MOTOR POR NO TENER DICHA INFORMACION	f	\N				\N	153	6	50	LA RUTA	2026-04-11 08:48:00+00	
52	2026-04-13 12:51:54.760286+00	AUTO	CITROEN	BERLINGO	0	BORDO	52/26	AV. 25 DE MAYO	t	t	t	t	SI	f	f		f	J3	NO SE PONE NUMERO DE CHASIS/MOTOR POR NO TENER DICHA INFORMACION	f	\N				\N	138	6	52	LA RUTA	2026-04-11 08:06:00+00	
54	2026-04-13 13:13:06.656217+00	AUTO	FORD	FIESTA	0	NEGRO	54/26	CASTELLI	t	t	t	t	SI	f	f		f	H3	NO SE PONE NUMERO DE CHASIS/MOTOR POR NO TENER DICHA INFORMACION	f	\N				\N	108	6	54	LA RUTA	2026-04-11 06:52:00+00	
43	2026-04-07 17:31:53.538328+00	AUTO	FORD	FOCUS	0	AZUL	29/26	AV. GUILLERMO DE RAWSON N° 1325	t	t	t	t	SI	f	t		t	B3		t	2026-04-13 16:01:11.100571+00	CATALAN LUISA DEL CARMEN	28577467		11	18	11	43	EMPRESA "LA RUTA"	2026-04-04 02:45:00+00	
33	2026-04-06 13:18:17.995954+00	AUTO	FORD	ESCORT	0	GRIS	35/26	AV. GUILLERMO RAWSON	t	t	t	t	NC	t	t		f	A4	NO SE POE NUMERO DE CHASIS NI MOTOR POR NO TENER DICHA INFORMACION \r\nESTADO DEL VEHICULO "MALO#	t	2026-04-13 17:55:50.218704+00	ALEGRE ISABEL	17388708		11	4	6	33	LA RUTA	2026-04-05 06:57:00+00	
49	2026-04-13 12:18:21.510959+00	MOTO	MONDIAL	DAX	0	ROJO Y NEGRO	49/26	AV. 25 DE MAYO AL 555	t	t	t	t	NC	t	t		t	Z5	FALTA DE DOCUMENTACION \r\nNO SE PONE NUMERO DE CHASIS/MOTOR POR NO TENER DICHA INFORMACION	f	\N				\N	380	6	49	LA RUTA	2026-04-11 09:38:00+00	
40	2026-04-06 15:55:22.808291+00	AUTO	FORD	FIESTA	0	GRIS	41/26	PUENTE "EL ELSA"	t	t	t	t	SI	t	t		t	E4		t	2026-04-15 16:20:54.764395+00	DIAZ ARIEL MAXIMILIANO	42636941		11	64	11	40	EMPRESA "LA RUTA"	2026-04-05 08:45:00+00	
41	2026-04-06 16:13:13.031488+00	AUTO	CHEVROLET	CORSA	0	GRIS	42/26	PUENTE EL ELSA	t	t	t	t	SI	t	t		t	D4		t	2026-04-13 15:37:55.42573+00	LEON BRUNO	22272918		6	49	11	41	EMPRESA "LA RUTA"	2026-04-05 07:11:00+00	
35	2026-04-06 13:30:22.455929+00	AUTO	CHEVROLET	CORSA	0	GRIS OSCURO	36/26	RUTA NACIONAL EL ELSA	t	t	t	t	SI	f	t		f	B4	LANTAS POSTERIORES TRASERAS \r\n1 LANNTA ANTERIOR DERECHA	t	2026-04-13 16:28:55.942702+00	ABURTO SILVIA MARISA	27977637		11	19	6	35	LA RUTA	2026-04-05 07:14:00+00	
56	2026-04-13 13:40:43.468049+00	AUTO	CHEVROLET	CORSA	0	AZUL OSCURO	56/26	AV. 25 DE MAYO	t	t	t	t	SI	t	t		f	F3	RETIRA PARLANTE DE MJUSICA CROWN DEL VEHICULO	t	2026-04-13 16:58:26.734298+00	canario	27363089		6	78	6	56	LA RUTA	2026-04-11 06:18:00+00	
20	2026-03-30 13:00:16.944032+00	AUTO	PEUGUEOT	408	0	GRIS OSCURO	23/26	AV. 25 DE MAYO	t	t	t	t	NC	t	f		f	D3	NO SE REGISTRA NUMERO DE MOTOR/CHASIS POR NO TENER DICHA INFORMACION.\r\nRETIRA DEL VEHIVULORUEDA DE AUXILIO Y BOLSO\r\nSE HACE SECUESTRO POR LICENCIA VENCIDA Y CIRCULAR HACIENDO UBER	t	2026-04-14 18:32:14.411231+00	CIANCIO  CARMEN GLORIA	23114908		11	48	6	20	LA RUTA	2026-03-29 07:43:00+00	
47	2026-04-13 11:57:58.883647+00	AUTO	RENAULT	12	0	BLANCO	47/26	25 DE MAYO (ROTONDA)	t	t	t	t	NO	t	t		f	M3	HACE ABANDONO DE VEHICULO EN LA ROTONDA \r\nSE OBSERVA QUE EL VEHICULO PIERDE COMBUSTIBLE\r\nNO SE PONE NUMERO DE CHASIS/MOTOR POR NO TENER DICHA INFORMACION	t	2026-04-15 17:43:33.864651+00	WILLHUBER GUSTAVO SEBASTIAN	37147998		11	183	6	47	LA RUTA	2026-04-11 06:00:00+00	
57	2026-04-16 12:04:10.207847+00	AUTO	RENAULT	KANGOO	0	BORDO	57/26	BERNARDO VACHINA, " ALTURA N° 76"	t	t	t	t	NC	t	f	RETIRA ACOMPAÑANTE 2 MOCHILAS 1 MOTOSIERRA 1 BOTELLA TRANSPARENTE\r\nCONDUCTOR RETIRA MOCHILANEGRA MEDIANA	f	B3	QUEDA EN EL VEICULO 5 CUBIERTAS ARMADAS 1 COLCHON DE UNA PLAZA \r\nDAÑOS REGISTRADOS POR TRANSITO \r\nPARABRISAS TRISADO, FALTANTE DE TAZA LADO IZQUIERDO RUEDA ANTERIOR Y PARAGOLPES DELANTERO DAÑADO	f	\N				\N	18	7	57	BARROSO	2026-04-15 22:19:00+00	
55	2026-04-13 13:25:37.535407+00	AUTO	TOYOTA	COROLLA	0	NEGRO	55/26	25 DE MAYO Y CASTELLI	t	t	t	t	NC	t	f		f	G3	INCUMPLIMIENTO DEL ART. 72 DE LA LEY 24.449\r\nFALTA DE SEGURO OBLIGATORIO\r\nNO SE PONE NUMERO DE CHASIS/MOTOR POR NO TENER DICHA INFROMACION	f	\N				\N	93	6	55	LA RUTA	2026-04-11 06:29:00+00	
\.


--
-- TOC entry 3653 (class 0 OID 16558)
-- Dependencies: 246
-- Data for Name: playon_lugarplayon; Type: TABLE DATA; Schema: public; Owner: postgres
--

COPY public.playon_lugarplayon (id, fila, columna, estado, tipo) FROM stdin;
46	D	1	LIBRE	GENERAL
168	L	3	OCUPADO	GENERAL
76	F	1	OCUPADO	GENERAL
166	L	1	LIBRE	GENERAL
3	A	3	OCUPADO	GENERAL
1	A	1	LIBRE	GENERAL
16	B	1	LIBRE	GENERAL
4	A	4	LIBRE	GENERAL
18	B	3	OCUPADO	GENERAL
2	A	2	LIBRE	GENERAL
5	A	5	LIBRE	GENERAL
6	A	6	LIBRE	GENERAL
7	A	7	LIBRE	GENERAL
8	A	8	LIBRE	GENERAL
9	A	9	LIBRE	GENERAL
10	A	10	LIBRE	GENERAL
11	A	11	LIBRE	GENERAL
12	A	12	LIBRE	GENERAL
13	A	13	LIBRE	GENERAL
14	A	14	LIBRE	GENERAL
15	A	15	LIBRE	GENERAL
17	B	2	LIBRE	GENERAL
20	B	5	LIBRE	GENERAL
21	B	6	LIBRE	GENERAL
22	B	7	LIBRE	GENERAL
23	B	8	LIBRE	GENERAL
24	B	9	LIBRE	GENERAL
25	B	10	LIBRE	GENERAL
26	B	11	LIBRE	GENERAL
27	B	12	LIBRE	GENERAL
28	B	13	LIBRE	GENERAL
29	B	14	LIBRE	GENERAL
30	B	15	LIBRE	GENERAL
32	C	2	LIBRE	GENERAL
35	C	5	LIBRE	GENERAL
36	C	6	LIBRE	GENERAL
37	C	7	LIBRE	GENERAL
38	C	8	LIBRE	GENERAL
39	C	9	LIBRE	GENERAL
40	C	10	LIBRE	GENERAL
41	C	11	LIBRE	GENERAL
42	C	12	LIBRE	GENERAL
43	C	13	LIBRE	GENERAL
44	C	14	LIBRE	GENERAL
45	C	15	LIBRE	GENERAL
47	D	2	LIBRE	GENERAL
50	D	5	LIBRE	GENERAL
51	D	6	LIBRE	GENERAL
52	D	7	LIBRE	GENERAL
53	D	8	LIBRE	GENERAL
54	D	9	LIBRE	GENERAL
55	D	10	LIBRE	GENERAL
56	D	11	LIBRE	GENERAL
57	D	12	LIBRE	GENERAL
58	D	13	LIBRE	GENERAL
59	D	14	LIBRE	GENERAL
60	D	15	LIBRE	GENERAL
62	E	2	LIBRE	GENERAL
65	E	5	LIBRE	GENERAL
66	E	6	LIBRE	GENERAL
67	E	7	LIBRE	GENERAL
68	E	8	LIBRE	GENERAL
69	E	9	LIBRE	GENERAL
70	E	10	LIBRE	GENERAL
71	E	11	LIBRE	GENERAL
72	E	12	LIBRE	GENERAL
73	E	13	LIBRE	GENERAL
74	E	14	LIBRE	GENERAL
75	E	15	LIBRE	GENERAL
77	F	2	LIBRE	GENERAL
80	F	5	LIBRE	GENERAL
81	F	6	LIBRE	GENERAL
82	F	7	LIBRE	GENERAL
83	F	8	LIBRE	GENERAL
84	F	9	LIBRE	GENERAL
85	F	10	LIBRE	GENERAL
86	F	11	LIBRE	GENERAL
87	F	12	LIBRE	GENERAL
88	F	13	LIBRE	GENERAL
89	F	14	LIBRE	GENERAL
90	F	15	LIBRE	GENERAL
92	G	2	LIBRE	GENERAL
94	G	4	LIBRE	GENERAL
95	G	5	LIBRE	GENERAL
96	G	6	LIBRE	GENERAL
97	G	7	LIBRE	GENERAL
98	G	8	LIBRE	GENERAL
99	G	9	LIBRE	GENERAL
100	G	10	LIBRE	GENERAL
101	G	11	LIBRE	GENERAL
102	G	12	LIBRE	GENERAL
103	G	13	LIBRE	GENERAL
104	G	14	LIBRE	GENERAL
105	G	15	LIBRE	GENERAL
107	H	2	LIBRE	GENERAL
109	H	4	LIBRE	GENERAL
110	H	5	LIBRE	GENERAL
111	H	6	LIBRE	GENERAL
112	H	7	LIBRE	GENERAL
113	H	8	LIBRE	GENERAL
114	H	9	LIBRE	GENERAL
115	H	10	LIBRE	GENERAL
116	H	11	LIBRE	GENERAL
117	H	12	LIBRE	GENERAL
118	H	13	LIBRE	GENERAL
119	H	14	LIBRE	GENERAL
120	H	15	LIBRE	GENERAL
122	I	2	LIBRE	GENERAL
124	I	4	LIBRE	GENERAL
125	I	5	LIBRE	GENERAL
126	I	6	LIBRE	GENERAL
127	I	7	LIBRE	GENERAL
128	I	8	LIBRE	GENERAL
129	I	9	LIBRE	GENERAL
130	I	10	LIBRE	GENERAL
131	I	11	LIBRE	GENERAL
132	I	12	LIBRE	GENERAL
133	I	13	LIBRE	GENERAL
134	I	14	LIBRE	GENERAL
135	I	15	LIBRE	GENERAL
137	J	2	LIBRE	GENERAL
139	J	4	LIBRE	GENERAL
140	J	5	LIBRE	GENERAL
141	J	6	LIBRE	GENERAL
142	J	7	LIBRE	GENERAL
143	J	8	LIBRE	GENERAL
144	J	9	LIBRE	GENERAL
145	J	10	LIBRE	GENERAL
146	J	11	LIBRE	GENERAL
147	J	12	LIBRE	GENERAL
148	J	13	LIBRE	GENERAL
149	J	14	LIBRE	GENERAL
150	J	15	LIBRE	GENERAL
152	K	2	LIBRE	GENERAL
154	K	4	LIBRE	GENERAL
64	E	4	LIBRE	GENERAL
61	E	1	LIBRE	GENERAL
138	J	3	OCUPADO	GENERAL
106	H	1	OCUPADO	GENERAL
49	D	4	LIBRE	GENERAL
78	F	3	LIBRE	GENERAL
91	G	1	LIBRE	GENERAL
31	C	1	LIBRE	GENERAL
136	J	1	LIBRE	GENERAL
79	F	4	OCUPADO	GENERAL
151	K	1	LIBRE	GENERAL
108	H	3	OCUPADO	GENERAL
63	E	3	OCUPADO	GENERAL
34	C	4	OCUPADO	GENERAL
121	I	1	LIBRE	GENERAL
93	G	3	OCUPADO	GENERAL
33	C	3	OCUPADO	GENERAL
48	D	3	LIBRE	GENERAL
19	B	4	LIBRE	GENERAL
123	I	3	LIBRE	GENERAL
155	K	5	LIBRE	GENERAL
156	K	6	LIBRE	GENERAL
157	K	7	LIBRE	GENERAL
158	K	8	LIBRE	GENERAL
159	K	9	LIBRE	GENERAL
160	K	10	LIBRE	GENERAL
161	K	11	LIBRE	GENERAL
162	K	12	LIBRE	GENERAL
163	K	13	LIBRE	GENERAL
164	K	14	LIBRE	GENERAL
165	K	15	LIBRE	GENERAL
167	L	2	LIBRE	GENERAL
169	L	4	LIBRE	GENERAL
170	L	5	LIBRE	GENERAL
171	L	6	LIBRE	GENERAL
172	L	7	LIBRE	GENERAL
173	L	8	LIBRE	GENERAL
174	L	9	LIBRE	GENERAL
175	L	10	LIBRE	GENERAL
176	L	11	LIBRE	GENERAL
177	L	12	LIBRE	GENERAL
178	L	13	LIBRE	GENERAL
179	L	14	LIBRE	GENERAL
180	L	15	LIBRE	GENERAL
182	M	2	LIBRE	GENERAL
184	M	4	LIBRE	GENERAL
185	M	5	LIBRE	GENERAL
186	M	6	LIBRE	GENERAL
187	M	7	LIBRE	GENERAL
188	M	8	LIBRE	GENERAL
189	M	9	LIBRE	GENERAL
190	M	10	LIBRE	GENERAL
191	M	11	LIBRE	GENERAL
192	M	12	LIBRE	GENERAL
193	M	13	LIBRE	GENERAL
194	M	14	LIBRE	GENERAL
195	M	15	LIBRE	GENERAL
196	N	1	LIBRE	GENERAL
197	N	2	LIBRE	GENERAL
198	N	3	LIBRE	GENERAL
199	N	4	LIBRE	GENERAL
200	N	5	LIBRE	GENERAL
201	N	6	LIBRE	GENERAL
202	N	7	LIBRE	GENERAL
203	N	8	LIBRE	GENERAL
204	N	9	LIBRE	GENERAL
205	N	10	LIBRE	GENERAL
206	N	11	LIBRE	GENERAL
207	N	12	LIBRE	GENERAL
208	N	13	LIBRE	GENERAL
209	N	14	LIBRE	GENERAL
210	N	15	LIBRE	GENERAL
211	O	1	LIBRE	GENERAL
212	O	2	LIBRE	GENERAL
213	O	3	LIBRE	GENERAL
214	O	4	LIBRE	GENERAL
215	O	5	LIBRE	GENERAL
216	O	6	LIBRE	GENERAL
217	O	7	LIBRE	GENERAL
218	O	8	LIBRE	GENERAL
219	O	9	LIBRE	GENERAL
220	O	10	LIBRE	GENERAL
221	O	11	LIBRE	GENERAL
222	O	12	LIBRE	GENERAL
223	O	13	LIBRE	GENERAL
224	O	14	LIBRE	GENERAL
225	O	15	LIBRE	GENERAL
226	P	1	LIBRE	GENERAL
227	P	2	LIBRE	GENERAL
228	P	3	LIBRE	GENERAL
229	P	4	LIBRE	GENERAL
230	P	5	LIBRE	GENERAL
231	P	6	LIBRE	GENERAL
232	P	7	LIBRE	GENERAL
233	P	8	LIBRE	GENERAL
234	P	9	LIBRE	GENERAL
235	P	10	LIBRE	GENERAL
236	P	11	LIBRE	GENERAL
237	P	12	LIBRE	GENERAL
238	P	13	LIBRE	GENERAL
239	P	14	LIBRE	GENERAL
240	P	15	LIBRE	GENERAL
241	Q	1	LIBRE	GENERAL
242	Q	2	LIBRE	GENERAL
243	Q	3	LIBRE	GENERAL
244	Q	4	LIBRE	GENERAL
245	Q	5	LIBRE	GENERAL
246	Q	6	LIBRE	GENERAL
247	Q	7	LIBRE	GENERAL
248	Q	8	LIBRE	GENERAL
249	Q	9	LIBRE	GENERAL
250	Q	10	LIBRE	GENERAL
251	Q	11	LIBRE	GENERAL
252	Q	12	LIBRE	GENERAL
253	Q	13	LIBRE	GENERAL
254	Q	14	LIBRE	GENERAL
255	Q	15	LIBRE	GENERAL
256	R	1	LIBRE	GENERAL
257	R	2	LIBRE	GENERAL
258	R	3	LIBRE	GENERAL
259	R	4	LIBRE	GENERAL
260	R	5	LIBRE	GENERAL
261	R	6	LIBRE	GENERAL
262	R	7	LIBRE	GENERAL
263	R	8	LIBRE	GENERAL
264	R	9	LIBRE	GENERAL
265	R	10	LIBRE	GENERAL
266	R	11	LIBRE	GENERAL
267	R	12	LIBRE	GENERAL
268	R	13	LIBRE	GENERAL
269	R	14	LIBRE	GENERAL
270	R	15	LIBRE	GENERAL
271	S	1	LIBRE	GENERAL
272	S	2	LIBRE	GENERAL
273	S	3	LIBRE	GENERAL
274	S	4	LIBRE	GENERAL
275	S	5	LIBRE	GENERAL
276	S	6	LIBRE	GENERAL
277	S	7	LIBRE	GENERAL
278	S	8	LIBRE	GENERAL
279	S	9	LIBRE	GENERAL
280	S	10	LIBRE	GENERAL
281	S	11	LIBRE	GENERAL
282	S	12	LIBRE	GENERAL
283	S	13	LIBRE	GENERAL
284	S	14	LIBRE	GENERAL
285	S	15	LIBRE	GENERAL
286	T	1	LIBRE	GENERAL
287	T	2	LIBRE	GENERAL
288	T	3	LIBRE	GENERAL
289	T	4	LIBRE	GENERAL
290	T	5	LIBRE	GENERAL
181	M	1	LIBRE	GENERAL
183	M	3	LIBRE	GENERAL
291	T	6	LIBRE	GENERAL
292	T	7	LIBRE	GENERAL
293	T	8	LIBRE	GENERAL
294	T	9	LIBRE	GENERAL
295	T	10	LIBRE	GENERAL
296	T	11	LIBRE	GENERAL
297	T	12	LIBRE	GENERAL
298	T	13	LIBRE	GENERAL
299	T	14	LIBRE	GENERAL
300	T	15	LIBRE	GENERAL
301	U	1	LIBRE	GENERAL
302	U	2	LIBRE	GENERAL
303	U	3	LIBRE	GENERAL
304	U	4	LIBRE	GENERAL
305	U	5	LIBRE	GENERAL
306	U	6	LIBRE	GENERAL
307	U	7	LIBRE	GENERAL
308	U	8	LIBRE	GENERAL
309	U	9	LIBRE	GENERAL
310	U	10	LIBRE	GENERAL
311	U	11	LIBRE	GENERAL
312	U	12	LIBRE	GENERAL
313	U	13	LIBRE	GENERAL
314	U	14	LIBRE	GENERAL
315	U	15	LIBRE	GENERAL
316	V	1	LIBRE	GENERAL
317	V	2	LIBRE	GENERAL
318	V	3	LIBRE	GENERAL
319	V	4	LIBRE	GENERAL
320	V	5	LIBRE	GENERAL
321	V	6	LIBRE	GENERAL
322	V	7	LIBRE	GENERAL
323	V	8	LIBRE	GENERAL
324	V	9	LIBRE	GENERAL
325	V	10	LIBRE	GENERAL
326	V	11	LIBRE	GENERAL
327	V	12	LIBRE	GENERAL
328	V	13	LIBRE	GENERAL
329	V	14	LIBRE	GENERAL
330	V	15	LIBRE	GENERAL
331	W	1	LIBRE	GENERAL
332	W	2	LIBRE	GENERAL
333	W	3	LIBRE	GENERAL
334	W	4	LIBRE	GENERAL
335	W	5	LIBRE	GENERAL
336	W	6	LIBRE	GENERAL
337	W	7	LIBRE	GENERAL
338	W	8	LIBRE	GENERAL
339	W	9	LIBRE	GENERAL
340	W	10	LIBRE	GENERAL
341	W	11	LIBRE	GENERAL
342	W	12	LIBRE	GENERAL
343	W	13	LIBRE	GENERAL
344	W	14	LIBRE	GENERAL
345	W	15	LIBRE	GENERAL
346	X	1	LIBRE	GENERAL
347	X	2	LIBRE	GENERAL
348	X	3	LIBRE	GENERAL
349	X	4	LIBRE	GENERAL
350	X	5	LIBRE	GENERAL
351	X	6	LIBRE	GENERAL
352	X	7	LIBRE	GENERAL
353	X	8	LIBRE	GENERAL
354	X	9	LIBRE	GENERAL
355	X	10	LIBRE	GENERAL
356	X	11	LIBRE	GENERAL
357	X	12	LIBRE	GENERAL
358	X	13	LIBRE	GENERAL
359	X	14	LIBRE	GENERAL
360	X	15	LIBRE	GENERAL
361	Y	1	LIBRE	GENERAL
362	Y	2	LIBRE	GENERAL
363	Y	3	LIBRE	GENERAL
364	Y	4	LIBRE	GENERAL
365	Y	5	LIBRE	GENERAL
366	Y	6	LIBRE	GENERAL
367	Y	7	LIBRE	GENERAL
368	Y	8	LIBRE	GENERAL
369	Y	9	LIBRE	GENERAL
370	Y	10	LIBRE	GENERAL
371	Y	11	LIBRE	GENERAL
372	Y	12	LIBRE	GENERAL
373	Y	13	LIBRE	GENERAL
374	Y	14	LIBRE	GENERAL
375	Y	15	LIBRE	GENERAL
381	Z	6	OCUPADO	MOTO
382	Z	7	LIBRE	MOTO
383	Z	8	LIBRE	MOTO
384	Z	9	LIBRE	MOTO
385	Z	10	LIBRE	MOTO
386	Z	11	LIBRE	MOTO
387	Z	12	LIBRE	MOTO
388	Z	13	LIBRE	MOTO
389	Z	14	LIBRE	MOTO
390	Z	15	LIBRE	MOTO
376	Z	1	OCUPADO	MOTO
378	Z	3	OCUPADO	MOTO
379	Z	4	OCUPADO	MOTO
377	Z	2	OCUPADO	MOTO
153	K	3	OCUPADO	GENERAL
380	Z	5	OCUPADO	MOTO
\.


--
-- TOC entry 3655 (class 0 OID 16568)
-- Dependencies: 248
-- Data for Name: playon_movimientolugar; Type: TABLE DATA; Schema: public; Owner: postgres
--

COPY public.playon_movimientolugar (id, fecha, motivo, ingreso_id, lugar_anterior_id, lugar_nuevo_id, movido_por_id) FROM stdin;
1	2026-03-16 11:41:48.367537+00	Ingreso al playón	1	\N	1	6
2	2026-03-16 11:50:46.914414+00	Ingreso al playón	2	\N	46	6
3	2026-03-16 12:00:17.521807+00	Ingreso al playón	3	\N	61	7
4	2026-03-16 12:05:31.669374+00	Ingreso al playón	4	\N	31	7
5	2026-03-16 12:15:13.477824+00	Ingreso al playón	5	\N	16	7
6	2026-03-19 15:51:55.784102+00	Egreso (retiro del playón)	1	1	1	7
7	2026-03-20 15:01:08.365091+00	Egreso (retiro del playón)	2	46	46	5
8	2026-03-25 11:41:39.555587+00	Ingreso al playón	7	\N	1	6
9	2026-03-25 11:58:34.720177+00	Ingreso al playón	9	\N	76	6
10	2026-03-25 12:06:25.571415+00	Ingreso al playón	11	\N	46	6
11	2026-03-25 12:18:41.231968+00	Ingreso al playón	12	\N	91	7
12	2026-03-25 12:33:50.793634+00	Ingreso al playón	13	\N	106	6
13	2026-03-25 12:34:03.646142+00	Ingreso al playón	14	\N	136	7
14	2026-03-25 14:20:58.679227+00	Ingreso al playón	15	\N	151	5
15	2026-03-25 14:26:10.321246+00	Ingreso al playón	16	\N	121	5
16	2026-03-25 15:00:04.158201+00	Ingreso al playón	17	\N	166	11
17	2026-03-25 15:08:51.407513+00	Ingreso al playón	18	\N	181	11
18	2026-03-25 16:49:25.903845+00	Egreso (retiro del playón)	4	31	31	5
19	2026-03-26 15:10:11.516929+00	Egreso (retiro del playón)	5	16	16	7
20	2026-03-26 16:27:24.964948+00	Egreso (retiro del playón)	3	61	61	7
21	2026-03-26 17:17:48.650821+00	Ingreso al playón	19	\N	16	11
22	2026-03-27 16:05:33.232538+00	Egreso (retiro del playón)	17	166	166	5
23	2026-03-30 13:00:16.949577+00	Ingreso al playón	20	\N	48	6
24	2026-03-30 13:07:37.010312+00	Ingreso al playón	21	\N	93	6
25	2026-03-30 13:11:16.188064+00	Ingreso al playón	22	\N	3	7
26	2026-03-30 13:13:01.07576+00	Ingreso al playón	23	\N	108	6
27	2026-03-30 13:17:29.978981+00	Ingreso al playón	24	\N	123	6
28	2026-03-30 13:17:55.752493+00	Ingreso al playón	25	\N	18	7
29	2026-03-30 13:24:48.150941+00	Ingreso al playón	26	\N	33	7
30	2026-03-30 13:25:19.472186+00	Ingreso al playón	27	\N	63	6
31	2026-03-30 13:36:29.597568+00	Ingreso al playón	28	\N	78	6
32	2026-03-31 12:56:03.177289+00	Egreso (retiro del playón)	7	1	1	6
33	2026-03-31 13:27:49.943257+00	Egreso (retiro del playón)	11	46	46	6
34	2026-03-31 15:06:52.499296+00	Egreso (retiro del playón)	16	121	121	6
35	2026-03-31 16:36:34.555073+00	Egreso (retiro del playón)	12	91	91	11
36	2026-04-01 13:31:40.237431+00	Egreso (retiro del playón)	19	16	16	6
37	2026-04-01 14:23:17.38906+00	Egreso (retiro del playón)	18	181	181	6
38	2026-04-01 16:02:15.823936+00	Egreso (retiro del playón)	23	108	108	11
39	2026-04-01 16:46:20.182729+00	Egreso (retiro del playón)	25	18	18	11
40	2026-04-01 16:59:49.765823+00	Egreso (retiro del playón)	24	123	123	11
41	2026-04-01 17:10:03.694238+00	Egreso (retiro del playón)	15	151	151	11
42	2026-04-01 17:12:56.135091+00	Egreso (retiro del playón)	21	93	93	11
43	2026-04-01 17:41:38.401273+00	Egreso (retiro del playón)	14	136	136	11
44	2026-04-01 17:47:46.71346+00	Egreso (retiro del playón)	26	33	33	11
45	2026-04-06 12:43:53.388658+00	Ingreso al playón	29	\N	138	6
46	2026-04-06 12:51:37.89903+00	Ingreso al playón	30	\N	123	6
47	2026-04-06 13:03:05.597709+00	Ingreso al playón	31	\N	153	6
48	2026-04-06 13:06:03.252377+00	Ingreso al playón	32	\N	108	7
49	2026-04-06 13:18:18.001328+00	Ingreso al playón	33	\N	4	6
50	2026-04-06 13:20:31.334872+00	Ingreso al playón	34	\N	93	7
51	2026-04-06 13:30:22.461202+00	Ingreso al playón	35	\N	19	6
52	2026-04-06 13:37:00.336506+00	Ingreso al playón	36	\N	33	7
53	2026-04-06 14:55:15.310201+00	Egreso (retiro del playón)	28	78	78	6
54	2026-04-06 15:39:32.769377+00	Ingreso al playón	38	\N	79	11
55	2026-04-06 15:46:40.02015+00	Ingreso al playón	39	\N	168	11
56	2026-04-06 15:55:22.813624+00	Ingreso al playón	40	\N	64	11
57	2026-04-06 16:13:13.036637+00	Ingreso al playón	41	\N	49	11
58	2026-04-06 17:15:35.588155+00	Egreso (retiro del playón)	8	377	377	11
59	2026-04-07 17:31:53.543893+00	Ingreso al playón	43	\N	18	11
60	2026-04-08 15:40:37.140635+00	Egreso (retiro del playón)	37	34	34	11
61	2026-04-09 11:54:51.289954+00	Ingreso al playón	44	\N	34	6
62	2026-04-09 15:40:30.790516+00	Egreso (retiro del playón)	34	93	93	11
63	2026-04-10 13:46:45.869331+00	Egreso (retiro del playón)	38	79	79	6
64	2026-04-10 14:15:15.871878+00	Egreso (retiro del playón)	39	168	168	6
65	2026-04-10 15:00:41.081811+00	Egreso (retiro del playón)	29	138	138	6
66	2026-04-10 15:18:24.342585+00	Egreso (retiro del playón)	30	123	123	11
67	2026-04-10 16:01:38.459988+00	Egreso (retiro del playón)	31	153	153	7
68	2026-04-10 16:27:20.836671+00	Egreso (retiro del playón)	32	108	108	11
69	2026-04-13 11:49:11.112249+00	Ingreso al playón	46	\N	79	6
70	2026-04-13 11:57:58.889308+00	Ingreso al playón	47	\N	183	6
71	2026-04-13 12:08:27.14359+00	Ingreso al playón	48	\N	168	6
72	2026-04-13 12:34:25.110296+00	Ingreso al playón	50	\N	153	6
73	2026-04-13 12:51:54.765456+00	Ingreso al playón	52	\N	138	6
74	2026-04-13 13:05:19.177251+00	Ingreso al playón	53	\N	123	6
75	2026-04-13 13:13:06.661607+00	Ingreso al playón	54	\N	108	6
76	2026-04-13 13:25:37.540871+00	Ingreso al playón	55	\N	93	6
77	2026-04-13 13:40:43.473381+00	Ingreso al playón	56	\N	78	6
78	2026-04-13 15:37:55.42893+00	Egreso (retiro del playón)	41	49	49	6
79	2026-04-13 16:01:11.103608+00	Egreso (retiro del playón)	43	18	18	11
80	2026-04-13 16:28:55.945669+00	Egreso (retiro del playón)	35	19	19	11
81	2026-04-13 16:58:26.737369+00	Egreso (retiro del playón)	56	78	78	6
82	2026-04-13 17:55:50.22179+00	Egreso (retiro del playón)	33	4	4	11
83	2026-04-14 17:47:33.40951+00	Egreso (retiro del playón)	53	123	123	11
84	2026-04-14 18:32:14.414411+00	Egreso (retiro del playón)	20	48	48	11
85	2026-04-15 16:20:54.767718+00	Egreso (retiro del playón)	40	64	64	11
86	2026-04-15 17:43:33.867834+00	Egreso (retiro del playón)	47	183	183	11
87	2026-04-16 12:04:10.2123+00	Ingreso al playón	57	\N	18	7
\.


--
-- TOC entry 3657 (class 0 OID 16578)
-- Dependencies: 250
-- Data for Name: vehiculos_vehiculo; Type: TABLE DATA; Schema: public; Owner: postgres
--

COPY public.vehiculos_vehiculo (id, dominio, marca, modelo, color, nro_chasis, nro_motor, anio, fecha_alta) FROM stdin;
32	AF195MS	TOYOTA	ETIOS	BLANCO	--	--	0	2026-04-06 13:06:03.245053+00
34	ILD744	VOLKSWAGEN	FOX	GRIS	--	CFZ202526	0	2026-04-06 13:20:31.327517+00
40	JGG 195	FORD	FIESTA	GRIS	QBFZ54N3138114534	B59AB8114531	0	2026-04-06 15:55:22.806467+00
5	DRV862	RENAULT	TWINGO	VERDE	--	--	0	2026-03-16 12:15:13.47078+00
29	LPQ141	CHEVROLET	AGILE	GRIS	0	0	0	2026-04-06 12:43:53.381464+00
45	A206YRF	HONDA	WAVE 110	BLANCO	--	--	0	2026-04-10 11:38:10.269233+00
4	HVM997	fiat	SIENA	GRIS Y NEGRO	--	--	0	2026-03-16 12:05:31.662076+00
1	NLY446	fiat	palio	blanco	--	--	0	2026-03-16 11:41:48.355076+00
31	RHZ423	VOLKSWAGEN	SAVEIRO	AZUL	98WZZZ302NP226981	BE852639	0	2026-04-06 13:03:05.590174+00
2	AH334FB	ford	maverick	negro	--	--	0	2026-03-16 11:50:46.906841+00
46	AD938IK	VOLKSWAGEN	GOL	BLANCO			0	2026-04-13 11:49:11.10658+00
10	A208LOQ	HONDA	NAVI	CAMUFLADO	--	--	0	2026-03-25 12:04:30.590504+00
12	AH005JG	TOYOTA	HILUX	GRIS OSCURO	--	--	0	2026-03-25 12:18:41.226341+00
47	VYG245	RENAULT	12	BLANCO			0	2026-04-13 11:57:58.881319+00
48	AA251JR	FORD	FIESTA	BLANCO	3FAFP4WJOGM163564	GM163564	0	2026-04-13 12:08:27.136223+00
11	IZP555	renault	clio	negro	8A1BB2MO1BL4784	D4F6728Q073904	0	2026-03-25 12:06:25.563986+00
7	AC013HT	volkswagen	vento	negro	0	0	0	2026-03-25 11:41:39.548707+00
9	EJK285	chevrolet	corsa	gris	0	0	0	2026-03-25 11:58:34.712304+00
6	A210QES	corven	energy	ploteado	-	-	0	2026-03-16 12:16:23.028108+00
15	GGZ834	CHEVROLET	CORSA	GRIS	8AGS819NO82100620	7H5098792	0	2026-03-25 14:20:58.67155+00
16	AB464SR	Fiat	Strada	Blanca	--	--	0	2026-03-25 14:26:10.313929+00
17	AB037CD	RAM	DODGE	ROJA	3C6RRBETGGG335000	TNXG6H26H053	0	2026-03-25 15:00:04.150277+00
18	GUK712	CHEVROLET	CORSA FAMILIAR	DORADO	8AGSB35NO8R136606	7H5111666	0	2026-03-25 15:08:51.400184+00
14	CQU328	CHEVROLET	S -10	GRIS	--	--	0	2026-03-25 12:34:03.638727+00
49	JMG 490	MONDIAL	DAX	ROJO Y NEGRO	0	0	0	2026-04-13 12:18:21.508906+00
8	A142GAQ	motomel	blizt	negra	--	--	0	2026-03-25 11:51:45.274078+00
13	CSN106	FIAT	PALIO	AZUL OSCURO	0	0	0	2026-03-25 12:33:50.786486+00
50	GCS996	PEUGUEOT	206	BORDO			0	2026-04-13 12:34:25.102357+00
3	HQA752	fiat	uno	verde	...	----	0	2026-03-16 12:00:17.514513+00
19	EUP784	CHEVROLET	CORSA	GRIS	BA65B08N05R132653	7HS03060075	0	2026-03-26 17:17:48.64253+00
20	KXR008	PEUGUEOT	408	GRIS OSCURO			0	2026-03-30 13:00:16.941654+00
22	NPR513	FORD	FIESTA	ROJO	--	--	0	2026-03-30 13:11:16.180162+00
24	MBX744	RENAULT	FLUENCE	GRIS			0	2026-03-30 13:17:29.971137+00
25	LOP829	FORD	RANGER	AZUL	--	--	0	2026-03-30 13:17:55.745155+00
26	DUF284	TOYOTA	COROLLA	GRIS	9BR53AEB215527086	7A5031465	0	2026-03-30 13:24:48.145052+00
27	AB236DW	CHEVROLET	ONIX	NEGRO	9R6K548F0H6247896	6FK037200	0	2026-03-30 13:25:19.466389+00
28	HCS344	VOLKSWAGEN	GOL	GRIS	9BWCBUSWY8T175429	UNF 457282	0	2026-03-30 13:36:29.58901+00
23	IMR848	CHEVROLET	S10	GRIS	0	0	0	2026-03-30 13:13:01.068575+00
21	AC698LD	PEUGUEOT	508	NEGRO	VF38DSFCAHL001599	10F58M2298801	0	2026-03-30 13:07:37.00288+00
30	JXH769	CHEVROLET	CLASIC	GRIS	9B6651950BC210358	T30012694	0	2026-04-06 12:51:37.891575+00
33	BJA827	FORD	ESCORT	GRIS			0	2026-04-06 13:18:17.994049+00
35	ILD776	CHEVROLET	CORSA	GRIS OSCURO	986SB19YOAB181124	T80000439	0	2026-04-06 13:30:22.454088+00
36	HWM445	CHEVROLET	CORSA	ROJO		5R0027541	0	2026-04-06 13:37:00.32937+00
51	A204ZEH	MONDIAL	110	GRIS	0	0	0	2026-04-13 12:43:09.818993+00
52	CSM860	CITROEN	BERLINGO	BORDO			0	2026-04-13 12:51:54.758615+00
37	MYA829	VOLKSWAGEN	SCIROCCO	BLANCO	WVWVP6131DV012834	CTH056795	0	2026-04-06 14:57:43.201554+00
38	ODY029	VOLKSWAGEN	VOYAGE	ROJO			0	2026-04-06 15:39:32.762002+00
39	NLD349	FORD	FOCUS	GRIS	8AFMZZFHCHJ159519	MVDDBJ159519	0	2026-04-06 15:46:40.012386+00
41	HVI921	CHEVROLET	CORSA	GRIS	9BFZ54N38811453	B59AB8114531	0	2026-04-06 16:13:13.029599+00
42	A210QFR	MOTOMEL	150	ROJO	8CHMTISA9FZ13A9ZZ06	I62F8S8B01366	0	2026-04-06 16:58:33.794551+00
43	JPF901	FORD	FOCUS	AZUL	BAEMZ2FFCC2429754	MVDDBJ159519	0	2026-04-07 17:31:53.536465+00
44	CVM650	FORD	KA	ROJO			0	2026-04-09 11:54:51.282724+00
53	HTS254	CHEVROLET	ASTRA	NEGRO			0	2026-04-13 13:05:19.169895+00
54	FAD149	FORD	FIESTA	NEGRO			0	2026-04-13 13:13:06.654415+00
56	HJF936	CHEVROLET	CORSA	AZUL OSCURO	8AG5BO8NO8B335848	SK5045209	0	2026-04-13 13:40:43.466203+00
57	HYN790	RENAULT	KANGOO	BORDO	--	--	0	2026-04-16 12:04:10.206361+00
55	GBE370	TOYOTA	COROLLA	NEGRO	0	0	0	2026-04-13 13:25:37.533574+00
\.


--
-- TOC entry 3664 (class 0 OID 0)
-- Dependencies: 220
-- Name: auth_group_id_seq; Type: SEQUENCE SET; Schema: public; Owner: postgres
--

SELECT pg_catalog.setval('public.auth_group_id_seq', 4, true);


--
-- TOC entry 3665 (class 0 OID 0)
-- Dependencies: 222
-- Name: auth_group_permissions_id_seq; Type: SEQUENCE SET; Schema: public; Owner: postgres
--

SELECT pg_catalog.setval('public.auth_group_permissions_id_seq', 1, false);


--
-- TOC entry 3666 (class 0 OID 0)
-- Dependencies: 224
-- Name: auth_permission_id_seq; Type: SEQUENCE SET; Schema: public; Owner: postgres
--

SELECT pg_catalog.setval('public.auth_permission_id_seq', 52, true);


--
-- TOC entry 3667 (class 0 OID 0)
-- Dependencies: 227
-- Name: auth_user_groups_id_seq; Type: SEQUENCE SET; Schema: public; Owner: postgres
--

SELECT pg_catalog.setval('public.auth_user_groups_id_seq', 10, true);


--
-- TOC entry 3668 (class 0 OID 0)
-- Dependencies: 228
-- Name: auth_user_id_seq; Type: SEQUENCE SET; Schema: public; Owner: postgres
--

SELECT pg_catalog.setval('public.auth_user_id_seq', 11, true);


--
-- TOC entry 3669 (class 0 OID 0)
-- Dependencies: 230
-- Name: auth_user_user_permissions_id_seq; Type: SEQUENCE SET; Schema: public; Owner: postgres
--

SELECT pg_catalog.setval('public.auth_user_user_permissions_id_seq', 1, false);


--
-- TOC entry 3670 (class 0 OID 0)
-- Dependencies: 232
-- Name: django_admin_log_id_seq; Type: SEQUENCE SET; Schema: public; Owner: postgres
--

SELECT pg_catalog.setval('public.django_admin_log_id_seq', 67, true);


--
-- TOC entry 3671 (class 0 OID 0)
-- Dependencies: 234
-- Name: django_content_type_id_seq; Type: SEQUENCE SET; Schema: public; Owner: postgres
--

SELECT pg_catalog.setval('public.django_content_type_id_seq', 13, true);


--
-- TOC entry 3672 (class 0 OID 0)
-- Dependencies: 236
-- Name: django_migrations_id_seq; Type: SEQUENCE SET; Schema: public; Owner: postgres
--

SELECT pg_catalog.setval('public.django_migrations_id_seq', 41, true);


--
-- TOC entry 3673 (class 0 OID 0)
-- Dependencies: 239
-- Name: infracciones_auditoriainfraccion_id_seq; Type: SEQUENCE SET; Schema: public; Owner: postgres
--

SELECT pg_catalog.setval('public.infracciones_auditoriainfraccion_id_seq', 6, true);


--
-- TOC entry 3674 (class 0 OID 0)
-- Dependencies: 241
-- Name: infracciones_infraccion_id_seq; Type: SEQUENCE SET; Schema: public; Owner: postgres
--

SELECT pg_catalog.setval('public.infracciones_infraccion_id_seq', 60, true);


--
-- TOC entry 3675 (class 0 OID 0)
-- Dependencies: 243
-- Name: ingresos_auditoriaingreso_id_seq; Type: SEQUENCE SET; Schema: public; Owner: postgres
--

SELECT pg_catalog.setval('public.ingresos_auditoriaingreso_id_seq', 136, true);


--
-- TOC entry 3676 (class 0 OID 0)
-- Dependencies: 245
-- Name: ingresos_ingresoplayon_id_seq; Type: SEQUENCE SET; Schema: public; Owner: postgres
--

SELECT pg_catalog.setval('public.ingresos_ingresoplayon_id_seq', 57, true);


--
-- TOC entry 3677 (class 0 OID 0)
-- Dependencies: 247
-- Name: playon_lugarplayon_id_seq; Type: SEQUENCE SET; Schema: public; Owner: postgres
--

SELECT pg_catalog.setval('public.playon_lugarplayon_id_seq', 390, true);


--
-- TOC entry 3678 (class 0 OID 0)
-- Dependencies: 249
-- Name: playon_movimientolugar_id_seq; Type: SEQUENCE SET; Schema: public; Owner: postgres
--

SELECT pg_catalog.setval('public.playon_movimientolugar_id_seq', 87, true);


--
-- TOC entry 3679 (class 0 OID 0)
-- Dependencies: 251
-- Name: vehiculos_vehiculo_id_seq; Type: SEQUENCE SET; Schema: public; Owner: postgres
--

SELECT pg_catalog.setval('public.vehiculos_vehiculo_id_seq', 57, true);


--
-- TOC entry 3374 (class 2606 OID 16592)
-- Name: auth_group auth_group_name_key; Type: CONSTRAINT; Schema: public; Owner: postgres
--

ALTER TABLE ONLY public.auth_group
    ADD CONSTRAINT auth_group_name_key UNIQUE (name);


--
-- TOC entry 3379 (class 2606 OID 16594)
-- Name: auth_group_permissions auth_group_permissions_group_id_permission_id_0cd325b0_uniq; Type: CONSTRAINT; Schema: public; Owner: postgres
--

ALTER TABLE ONLY public.auth_group_permissions
    ADD CONSTRAINT auth_group_permissions_group_id_permission_id_0cd325b0_uniq UNIQUE (group_id, permission_id);


--
-- TOC entry 3382 (class 2606 OID 16596)
-- Name: auth_group_permissions auth_group_permissions_pkey; Type: CONSTRAINT; Schema: public; Owner: postgres
--

ALTER TABLE ONLY public.auth_group_permissions
    ADD CONSTRAINT auth_group_permissions_pkey PRIMARY KEY (id);


--
-- TOC entry 3376 (class 2606 OID 16598)
-- Name: auth_group auth_group_pkey; Type: CONSTRAINT; Schema: public; Owner: postgres
--

ALTER TABLE ONLY public.auth_group
    ADD CONSTRAINT auth_group_pkey PRIMARY KEY (id);


--
-- TOC entry 3385 (class 2606 OID 16600)
-- Name: auth_permission auth_permission_content_type_id_codename_01ab375a_uniq; Type: CONSTRAINT; Schema: public; Owner: postgres
--

ALTER TABLE ONLY public.auth_permission
    ADD CONSTRAINT auth_permission_content_type_id_codename_01ab375a_uniq UNIQUE (content_type_id, codename);


--
-- TOC entry 3387 (class 2606 OID 16602)
-- Name: auth_permission auth_permission_pkey; Type: CONSTRAINT; Schema: public; Owner: postgres
--

ALTER TABLE ONLY public.auth_permission
    ADD CONSTRAINT auth_permission_pkey PRIMARY KEY (id);


--
-- TOC entry 3395 (class 2606 OID 16604)
-- Name: auth_user_groups auth_user_groups_pkey; Type: CONSTRAINT; Schema: public; Owner: postgres
--

ALTER TABLE ONLY public.auth_user_groups
    ADD CONSTRAINT auth_user_groups_pkey PRIMARY KEY (id);


--
-- TOC entry 3398 (class 2606 OID 16606)
-- Name: auth_user_groups auth_user_groups_user_id_group_id_94350c0c_uniq; Type: CONSTRAINT; Schema: public; Owner: postgres
--

ALTER TABLE ONLY public.auth_user_groups
    ADD CONSTRAINT auth_user_groups_user_id_group_id_94350c0c_uniq UNIQUE (user_id, group_id);


--
-- TOC entry 3389 (class 2606 OID 16608)
-- Name: auth_user auth_user_pkey; Type: CONSTRAINT; Schema: public; Owner: postgres
--

ALTER TABLE ONLY public.auth_user
    ADD CONSTRAINT auth_user_pkey PRIMARY KEY (id);


--
-- TOC entry 3401 (class 2606 OID 16610)
-- Name: auth_user_user_permissions auth_user_user_permissions_pkey; Type: CONSTRAINT; Schema: public; Owner: postgres
--

ALTER TABLE ONLY public.auth_user_user_permissions
    ADD CONSTRAINT auth_user_user_permissions_pkey PRIMARY KEY (id);


--
-- TOC entry 3404 (class 2606 OID 16612)
-- Name: auth_user_user_permissions auth_user_user_permissions_user_id_permission_id_14a6b632_uniq; Type: CONSTRAINT; Schema: public; Owner: postgres
--

ALTER TABLE ONLY public.auth_user_user_permissions
    ADD CONSTRAINT auth_user_user_permissions_user_id_permission_id_14a6b632_uniq UNIQUE (user_id, permission_id);


--
-- TOC entry 3392 (class 2606 OID 16614)
-- Name: auth_user auth_user_username_key; Type: CONSTRAINT; Schema: public; Owner: postgres
--

ALTER TABLE ONLY public.auth_user
    ADD CONSTRAINT auth_user_username_key UNIQUE (username);


--
-- TOC entry 3407 (class 2606 OID 16616)
-- Name: django_admin_log django_admin_log_pkey; Type: CONSTRAINT; Schema: public; Owner: postgres
--

ALTER TABLE ONLY public.django_admin_log
    ADD CONSTRAINT django_admin_log_pkey PRIMARY KEY (id);


--
-- TOC entry 3410 (class 2606 OID 16618)
-- Name: django_content_type django_content_type_app_label_model_76bd3d3b_uniq; Type: CONSTRAINT; Schema: public; Owner: postgres
--

ALTER TABLE ONLY public.django_content_type
    ADD CONSTRAINT django_content_type_app_label_model_76bd3d3b_uniq UNIQUE (app_label, model);


--
-- TOC entry 3412 (class 2606 OID 16620)
-- Name: django_content_type django_content_type_pkey; Type: CONSTRAINT; Schema: public; Owner: postgres
--

ALTER TABLE ONLY public.django_content_type
    ADD CONSTRAINT django_content_type_pkey PRIMARY KEY (id);


--
-- TOC entry 3414 (class 2606 OID 16622)
-- Name: django_migrations django_migrations_pkey; Type: CONSTRAINT; Schema: public; Owner: postgres
--

ALTER TABLE ONLY public.django_migrations
    ADD CONSTRAINT django_migrations_pkey PRIMARY KEY (id);


--
-- TOC entry 3417 (class 2606 OID 16624)
-- Name: django_session django_session_pkey; Type: CONSTRAINT; Schema: public; Owner: postgres
--

ALTER TABLE ONLY public.django_session
    ADD CONSTRAINT django_session_pkey PRIMARY KEY (session_key);


--
-- TOC entry 3421 (class 2606 OID 16626)
-- Name: infracciones_auditoriainfraccion infracciones_auditoriainfraccion_pkey; Type: CONSTRAINT; Schema: public; Owner: postgres
--

ALTER TABLE ONLY public.infracciones_auditoriainfraccion
    ADD CONSTRAINT infracciones_auditoriainfraccion_pkey PRIMARY KEY (id);


--
-- TOC entry 3426 (class 2606 OID 16628)
-- Name: infracciones_infraccion infracciones_infraccion_nro_acta_key; Type: CONSTRAINT; Schema: public; Owner: postgres
--

ALTER TABLE ONLY public.infracciones_infraccion
    ADD CONSTRAINT infracciones_infraccion_nro_acta_key UNIQUE (nro_acta);


--
-- TOC entry 3428 (class 2606 OID 16630)
-- Name: infracciones_infraccion infracciones_infraccion_pkey; Type: CONSTRAINT; Schema: public; Owner: postgres
--

ALTER TABLE ONLY public.infracciones_infraccion
    ADD CONSTRAINT infracciones_infraccion_pkey PRIMARY KEY (id);


--
-- TOC entry 3431 (class 2606 OID 16632)
-- Name: ingresos_auditoriaingreso ingresos_auditoriaingreso_pkey; Type: CONSTRAINT; Schema: public; Owner: postgres
--

ALTER TABLE ONLY public.ingresos_auditoriaingreso
    ADD CONSTRAINT ingresos_auditoriaingreso_pkey PRIMARY KEY (id);


--
-- TOC entry 3437 (class 2606 OID 16634)
-- Name: ingresos_ingresoplayon ingresos_ingresoplayon_nro_legajo_playon_key; Type: CONSTRAINT; Schema: public; Owner: postgres
--

ALTER TABLE ONLY public.ingresos_ingresoplayon
    ADD CONSTRAINT ingresos_ingresoplayon_nro_legajo_playon_key UNIQUE (nro_legajo_playon);


--
-- TOC entry 3439 (class 2606 OID 16636)
-- Name: ingresos_ingresoplayon ingresos_ingresoplayon_pkey; Type: CONSTRAINT; Schema: public; Owner: postgres
--

ALTER TABLE ONLY public.ingresos_ingresoplayon
    ADD CONSTRAINT ingresos_ingresoplayon_pkey PRIMARY KEY (id);


--
-- TOC entry 3443 (class 2606 OID 16638)
-- Name: playon_lugarplayon playon_lugarplayon_fila_columna_7156f880_uniq; Type: CONSTRAINT; Schema: public; Owner: postgres
--

ALTER TABLE ONLY public.playon_lugarplayon
    ADD CONSTRAINT playon_lugarplayon_fila_columna_7156f880_uniq UNIQUE (fila, columna);


--
-- TOC entry 3445 (class 2606 OID 16640)
-- Name: playon_lugarplayon playon_lugarplayon_pkey; Type: CONSTRAINT; Schema: public; Owner: postgres
--

ALTER TABLE ONLY public.playon_lugarplayon
    ADD CONSTRAINT playon_lugarplayon_pkey PRIMARY KEY (id);


--
-- TOC entry 3451 (class 2606 OID 16642)
-- Name: playon_movimientolugar playon_movimientolugar_pkey; Type: CONSTRAINT; Schema: public; Owner: postgres
--

ALTER TABLE ONLY public.playon_movimientolugar
    ADD CONSTRAINT playon_movimientolugar_pkey PRIMARY KEY (id);


--
-- TOC entry 3454 (class 2606 OID 16644)
-- Name: vehiculos_vehiculo vehiculos_vehiculo_dominio_key; Type: CONSTRAINT; Schema: public; Owner: postgres
--

ALTER TABLE ONLY public.vehiculos_vehiculo
    ADD CONSTRAINT vehiculos_vehiculo_dominio_key UNIQUE (dominio);


--
-- TOC entry 3456 (class 2606 OID 16646)
-- Name: vehiculos_vehiculo vehiculos_vehiculo_pkey; Type: CONSTRAINT; Schema: public; Owner: postgres
--

ALTER TABLE ONLY public.vehiculos_vehiculo
    ADD CONSTRAINT vehiculos_vehiculo_pkey PRIMARY KEY (id);


--
-- TOC entry 3372 (class 1259 OID 16647)
-- Name: auth_group_name_a6ea08ec_like; Type: INDEX; Schema: public; Owner: postgres
--

CREATE INDEX auth_group_name_a6ea08ec_like ON public.auth_group USING btree (name varchar_pattern_ops);


--
-- TOC entry 3377 (class 1259 OID 16648)
-- Name: auth_group_permissions_group_id_b120cbf9; Type: INDEX; Schema: public; Owner: postgres
--

CREATE INDEX auth_group_permissions_group_id_b120cbf9 ON public.auth_group_permissions USING btree (group_id);


--
-- TOC entry 3380 (class 1259 OID 16649)
-- Name: auth_group_permissions_permission_id_84c5c92e; Type: INDEX; Schema: public; Owner: postgres
--

CREATE INDEX auth_group_permissions_permission_id_84c5c92e ON public.auth_group_permissions USING btree (permission_id);


--
-- TOC entry 3383 (class 1259 OID 16650)
-- Name: auth_permission_content_type_id_2f476e4b; Type: INDEX; Schema: public; Owner: postgres
--

CREATE INDEX auth_permission_content_type_id_2f476e4b ON public.auth_permission USING btree (content_type_id);


--
-- TOC entry 3393 (class 1259 OID 16651)
-- Name: auth_user_groups_group_id_97559544; Type: INDEX; Schema: public; Owner: postgres
--

CREATE INDEX auth_user_groups_group_id_97559544 ON public.auth_user_groups USING btree (group_id);


--
-- TOC entry 3396 (class 1259 OID 16652)
-- Name: auth_user_groups_user_id_6a12ed8b; Type: INDEX; Schema: public; Owner: postgres
--

CREATE INDEX auth_user_groups_user_id_6a12ed8b ON public.auth_user_groups USING btree (user_id);


--
-- TOC entry 3399 (class 1259 OID 16653)
-- Name: auth_user_user_permissions_permission_id_1fbb5f2c; Type: INDEX; Schema: public; Owner: postgres
--

CREATE INDEX auth_user_user_permissions_permission_id_1fbb5f2c ON public.auth_user_user_permissions USING btree (permission_id);


--
-- TOC entry 3402 (class 1259 OID 16654)
-- Name: auth_user_user_permissions_user_id_a95ead1b; Type: INDEX; Schema: public; Owner: postgres
--

CREATE INDEX auth_user_user_permissions_user_id_a95ead1b ON public.auth_user_user_permissions USING btree (user_id);


--
-- TOC entry 3390 (class 1259 OID 16655)
-- Name: auth_user_username_6821ab7c_like; Type: INDEX; Schema: public; Owner: postgres
--

CREATE INDEX auth_user_username_6821ab7c_like ON public.auth_user USING btree (username varchar_pattern_ops);


--
-- TOC entry 3405 (class 1259 OID 16656)
-- Name: django_admin_log_content_type_id_c4bce8eb; Type: INDEX; Schema: public; Owner: postgres
--

CREATE INDEX django_admin_log_content_type_id_c4bce8eb ON public.django_admin_log USING btree (content_type_id);


--
-- TOC entry 3408 (class 1259 OID 16657)
-- Name: django_admin_log_user_id_c564eba6; Type: INDEX; Schema: public; Owner: postgres
--

CREATE INDEX django_admin_log_user_id_c564eba6 ON public.django_admin_log USING btree (user_id);


--
-- TOC entry 3415 (class 1259 OID 16658)
-- Name: django_session_expire_date_a5c62663; Type: INDEX; Schema: public; Owner: postgres
--

CREATE INDEX django_session_expire_date_a5c62663 ON public.django_session USING btree (expire_date);


--
-- TOC entry 3418 (class 1259 OID 16659)
-- Name: django_session_session_key_c0390e0f_like; Type: INDEX; Schema: public; Owner: postgres
--

CREATE INDEX django_session_session_key_c0390e0f_like ON public.django_session USING btree (session_key varchar_pattern_ops);


--
-- TOC entry 3419 (class 1259 OID 16660)
-- Name: infracciones_auditoriainfraccion_infraccion_id_8daca0b7; Type: INDEX; Schema: public; Owner: postgres
--

CREATE INDEX infracciones_auditoriainfraccion_infraccion_id_8daca0b7 ON public.infracciones_auditoriainfraccion USING btree (infraccion_id);


--
-- TOC entry 3422 (class 1259 OID 16661)
-- Name: infracciones_auditoriainfraccion_usuario_id_a7d06b9e; Type: INDEX; Schema: public; Owner: postgres
--

CREATE INDEX infracciones_auditoriainfraccion_usuario_id_a7d06b9e ON public.infracciones_auditoriainfraccion USING btree (usuario_id);


--
-- TOC entry 3423 (class 1259 OID 16662)
-- Name: infracciones_infraccion_inspector_id_4663c34b; Type: INDEX; Schema: public; Owner: postgres
--

CREATE INDEX infracciones_infraccion_inspector_id_4663c34b ON public.infracciones_infraccion USING btree (inspector_id);


--
-- TOC entry 3424 (class 1259 OID 16663)
-- Name: infracciones_infraccion_nro_acta_1ac4f318_like; Type: INDEX; Schema: public; Owner: postgres
--

CREATE INDEX infracciones_infraccion_nro_acta_1ac4f318_like ON public.infracciones_infraccion USING btree (nro_acta varchar_pattern_ops);


--
-- TOC entry 3429 (class 1259 OID 16664)
-- Name: ingresos_auditoriaingreso_ingreso_id_765936ce; Type: INDEX; Schema: public; Owner: postgres
--

CREATE INDEX ingresos_auditoriaingreso_ingreso_id_765936ce ON public.ingresos_auditoriaingreso USING btree (ingreso_id);


--
-- TOC entry 3432 (class 1259 OID 16665)
-- Name: ingresos_auditoriaingreso_usuario_id_62dd6358; Type: INDEX; Schema: public; Owner: postgres
--

CREATE INDEX ingresos_auditoriaingreso_usuario_id_62dd6358 ON public.ingresos_auditoriaingreso USING btree (usuario_id);


--
-- TOC entry 3433 (class 1259 OID 16666)
-- Name: ingresos_ingresoplayon_entregado_por_id_afce5b52; Type: INDEX; Schema: public; Owner: postgres
--

CREATE INDEX ingresos_ingresoplayon_entregado_por_id_afce5b52 ON public.ingresos_ingresoplayon USING btree (entregado_por_id);


--
-- TOC entry 3434 (class 1259 OID 16667)
-- Name: ingresos_ingresoplayon_lugar_id_d1559909; Type: INDEX; Schema: public; Owner: postgres
--

CREATE INDEX ingresos_ingresoplayon_lugar_id_d1559909 ON public.ingresos_ingresoplayon USING btree (lugar_id);


--
-- TOC entry 3435 (class 1259 OID 16668)
-- Name: ingresos_ingresoplayon_nro_legajo_playon_955e8c47_like; Type: INDEX; Schema: public; Owner: postgres
--

CREATE INDEX ingresos_ingresoplayon_nro_legajo_playon_955e8c47_like ON public.ingresos_ingresoplayon USING btree (nro_legajo_playon varchar_pattern_ops);


--
-- TOC entry 3440 (class 1259 OID 16669)
-- Name: ingresos_ingresoplayon_recibido_por_id_43010203; Type: INDEX; Schema: public; Owner: postgres
--

CREATE INDEX ingresos_ingresoplayon_recibido_por_id_43010203 ON public.ingresos_ingresoplayon USING btree (recibido_por_id);


--
-- TOC entry 3441 (class 1259 OID 16670)
-- Name: ingresos_ingresoplayon_vehiculo_id_a85e6d67; Type: INDEX; Schema: public; Owner: postgres
--

CREATE INDEX ingresos_ingresoplayon_vehiculo_id_a85e6d67 ON public.ingresos_ingresoplayon USING btree (vehiculo_id);


--
-- TOC entry 3446 (class 1259 OID 16671)
-- Name: playon_movimientolugar_ingreso_id_0bb5f4d4; Type: INDEX; Schema: public; Owner: postgres
--

CREATE INDEX playon_movimientolugar_ingreso_id_0bb5f4d4 ON public.playon_movimientolugar USING btree (ingreso_id);


--
-- TOC entry 3447 (class 1259 OID 16672)
-- Name: playon_movimientolugar_lugar_anterior_id_27d419cc; Type: INDEX; Schema: public; Owner: postgres
--

CREATE INDEX playon_movimientolugar_lugar_anterior_id_27d419cc ON public.playon_movimientolugar USING btree (lugar_anterior_id);


--
-- TOC entry 3448 (class 1259 OID 16673)
-- Name: playon_movimientolugar_lugar_nuevo_id_0676d9dc; Type: INDEX; Schema: public; Owner: postgres
--

CREATE INDEX playon_movimientolugar_lugar_nuevo_id_0676d9dc ON public.playon_movimientolugar USING btree (lugar_nuevo_id);


--
-- TOC entry 3449 (class 1259 OID 16674)
-- Name: playon_movimientolugar_movido_por_id_e3962e8d; Type: INDEX; Schema: public; Owner: postgres
--

CREATE INDEX playon_movimientolugar_movido_por_id_e3962e8d ON public.playon_movimientolugar USING btree (movido_por_id);


--
-- TOC entry 3452 (class 1259 OID 16675)
-- Name: vehiculos_vehiculo_dominio_eee1a1d1_like; Type: INDEX; Schema: public; Owner: postgres
--

CREATE INDEX vehiculos_vehiculo_dominio_eee1a1d1_like ON public.vehiculos_vehiculo USING btree (dominio varchar_pattern_ops);


--
-- TOC entry 3457 (class 2606 OID 16676)
-- Name: auth_group_permissions auth_group_permissio_permission_id_84c5c92e_fk_auth_perm; Type: FK CONSTRAINT; Schema: public; Owner: postgres
--

ALTER TABLE ONLY public.auth_group_permissions
    ADD CONSTRAINT auth_group_permissio_permission_id_84c5c92e_fk_auth_perm FOREIGN KEY (permission_id) REFERENCES public.auth_permission(id) DEFERRABLE INITIALLY DEFERRED;


--
-- TOC entry 3458 (class 2606 OID 16681)
-- Name: auth_group_permissions auth_group_permissions_group_id_b120cbf9_fk_auth_group_id; Type: FK CONSTRAINT; Schema: public; Owner: postgres
--

ALTER TABLE ONLY public.auth_group_permissions
    ADD CONSTRAINT auth_group_permissions_group_id_b120cbf9_fk_auth_group_id FOREIGN KEY (group_id) REFERENCES public.auth_group(id) DEFERRABLE INITIALLY DEFERRED;


--
-- TOC entry 3459 (class 2606 OID 16686)
-- Name: auth_permission auth_permission_content_type_id_2f476e4b_fk_django_co; Type: FK CONSTRAINT; Schema: public; Owner: postgres
--

ALTER TABLE ONLY public.auth_permission
    ADD CONSTRAINT auth_permission_content_type_id_2f476e4b_fk_django_co FOREIGN KEY (content_type_id) REFERENCES public.django_content_type(id) DEFERRABLE INITIALLY DEFERRED;


--
-- TOC entry 3460 (class 2606 OID 16691)
-- Name: auth_user_groups auth_user_groups_group_id_97559544_fk_auth_group_id; Type: FK CONSTRAINT; Schema: public; Owner: postgres
--

ALTER TABLE ONLY public.auth_user_groups
    ADD CONSTRAINT auth_user_groups_group_id_97559544_fk_auth_group_id FOREIGN KEY (group_id) REFERENCES public.auth_group(id) DEFERRABLE INITIALLY DEFERRED;


--
-- TOC entry 3461 (class 2606 OID 16696)
-- Name: auth_user_groups auth_user_groups_user_id_6a12ed8b_fk_auth_user_id; Type: FK CONSTRAINT; Schema: public; Owner: postgres
--

ALTER TABLE ONLY public.auth_user_groups
    ADD CONSTRAINT auth_user_groups_user_id_6a12ed8b_fk_auth_user_id FOREIGN KEY (user_id) REFERENCES public.auth_user(id) DEFERRABLE INITIALLY DEFERRED;


--
-- TOC entry 3462 (class 2606 OID 16701)
-- Name: auth_user_user_permissions auth_user_user_permi_permission_id_1fbb5f2c_fk_auth_perm; Type: FK CONSTRAINT; Schema: public; Owner: postgres
--

ALTER TABLE ONLY public.auth_user_user_permissions
    ADD CONSTRAINT auth_user_user_permi_permission_id_1fbb5f2c_fk_auth_perm FOREIGN KEY (permission_id) REFERENCES public.auth_permission(id) DEFERRABLE INITIALLY DEFERRED;


--
-- TOC entry 3463 (class 2606 OID 16706)
-- Name: auth_user_user_permissions auth_user_user_permissions_user_id_a95ead1b_fk_auth_user_id; Type: FK CONSTRAINT; Schema: public; Owner: postgres
--

ALTER TABLE ONLY public.auth_user_user_permissions
    ADD CONSTRAINT auth_user_user_permissions_user_id_a95ead1b_fk_auth_user_id FOREIGN KEY (user_id) REFERENCES public.auth_user(id) DEFERRABLE INITIALLY DEFERRED;


--
-- TOC entry 3464 (class 2606 OID 16711)
-- Name: django_admin_log django_admin_log_content_type_id_c4bce8eb_fk_django_co; Type: FK CONSTRAINT; Schema: public; Owner: postgres
--

ALTER TABLE ONLY public.django_admin_log
    ADD CONSTRAINT django_admin_log_content_type_id_c4bce8eb_fk_django_co FOREIGN KEY (content_type_id) REFERENCES public.django_content_type(id) DEFERRABLE INITIALLY DEFERRED;


--
-- TOC entry 3465 (class 2606 OID 16716)
-- Name: django_admin_log django_admin_log_user_id_c564eba6_fk_auth_user_id; Type: FK CONSTRAINT; Schema: public; Owner: postgres
--

ALTER TABLE ONLY public.django_admin_log
    ADD CONSTRAINT django_admin_log_user_id_c564eba6_fk_auth_user_id FOREIGN KEY (user_id) REFERENCES public.auth_user(id) DEFERRABLE INITIALLY DEFERRED;


--
-- TOC entry 3466 (class 2606 OID 16721)
-- Name: infracciones_auditoriainfraccion infracciones_auditor_infraccion_id_8daca0b7_fk_infraccio; Type: FK CONSTRAINT; Schema: public; Owner: postgres
--

ALTER TABLE ONLY public.infracciones_auditoriainfraccion
    ADD CONSTRAINT infracciones_auditor_infraccion_id_8daca0b7_fk_infraccio FOREIGN KEY (infraccion_id) REFERENCES public.infracciones_infraccion(id) DEFERRABLE INITIALLY DEFERRED;


--
-- TOC entry 3467 (class 2606 OID 16726)
-- Name: infracciones_auditoriainfraccion infracciones_auditor_usuario_id_a7d06b9e_fk_auth_user; Type: FK CONSTRAINT; Schema: public; Owner: postgres
--

ALTER TABLE ONLY public.infracciones_auditoriainfraccion
    ADD CONSTRAINT infracciones_auditor_usuario_id_a7d06b9e_fk_auth_user FOREIGN KEY (usuario_id) REFERENCES public.auth_user(id) DEFERRABLE INITIALLY DEFERRED;


--
-- TOC entry 3468 (class 2606 OID 16731)
-- Name: infracciones_infraccion infracciones_infraccion_inspector_id_4663c34b_fk_auth_user_id; Type: FK CONSTRAINT; Schema: public; Owner: postgres
--

ALTER TABLE ONLY public.infracciones_infraccion
    ADD CONSTRAINT infracciones_infraccion_inspector_id_4663c34b_fk_auth_user_id FOREIGN KEY (inspector_id) REFERENCES public.auth_user(id) DEFERRABLE INITIALLY DEFERRED;


--
-- TOC entry 3469 (class 2606 OID 16736)
-- Name: ingresos_auditoriaingreso ingresos_auditoriain_ingreso_id_765936ce_fk_ingresos_; Type: FK CONSTRAINT; Schema: public; Owner: postgres
--

ALTER TABLE ONLY public.ingresos_auditoriaingreso
    ADD CONSTRAINT ingresos_auditoriain_ingreso_id_765936ce_fk_ingresos_ FOREIGN KEY (ingreso_id) REFERENCES public.ingresos_ingresoplayon(id) DEFERRABLE INITIALLY DEFERRED;


--
-- TOC entry 3470 (class 2606 OID 16741)
-- Name: ingresos_auditoriaingreso ingresos_auditoriaingreso_usuario_id_62dd6358_fk_auth_user_id; Type: FK CONSTRAINT; Schema: public; Owner: postgres
--

ALTER TABLE ONLY public.ingresos_auditoriaingreso
    ADD CONSTRAINT ingresos_auditoriaingreso_usuario_id_62dd6358_fk_auth_user_id FOREIGN KEY (usuario_id) REFERENCES public.auth_user(id) DEFERRABLE INITIALLY DEFERRED;


--
-- TOC entry 3471 (class 2606 OID 16746)
-- Name: ingresos_ingresoplayon ingresos_ingresoplay_entregado_por_id_afce5b52_fk_auth_user; Type: FK CONSTRAINT; Schema: public; Owner: postgres
--

ALTER TABLE ONLY public.ingresos_ingresoplayon
    ADD CONSTRAINT ingresos_ingresoplay_entregado_por_id_afce5b52_fk_auth_user FOREIGN KEY (entregado_por_id) REFERENCES public.auth_user(id) DEFERRABLE INITIALLY DEFERRED;


--
-- TOC entry 3472 (class 2606 OID 16751)
-- Name: ingresos_ingresoplayon ingresos_ingresoplay_lugar_id_d1559909_fk_playon_lu; Type: FK CONSTRAINT; Schema: public; Owner: postgres
--

ALTER TABLE ONLY public.ingresos_ingresoplayon
    ADD CONSTRAINT ingresos_ingresoplay_lugar_id_d1559909_fk_playon_lu FOREIGN KEY (lugar_id) REFERENCES public.playon_lugarplayon(id) DEFERRABLE INITIALLY DEFERRED;


--
-- TOC entry 3473 (class 2606 OID 16756)
-- Name: ingresos_ingresoplayon ingresos_ingresoplay_vehiculo_id_a85e6d67_fk_vehiculos; Type: FK CONSTRAINT; Schema: public; Owner: postgres
--

ALTER TABLE ONLY public.ingresos_ingresoplayon
    ADD CONSTRAINT ingresos_ingresoplay_vehiculo_id_a85e6d67_fk_vehiculos FOREIGN KEY (vehiculo_id) REFERENCES public.vehiculos_vehiculo(id) DEFERRABLE INITIALLY DEFERRED;


--
-- TOC entry 3474 (class 2606 OID 16761)
-- Name: ingresos_ingresoplayon ingresos_ingresoplayon_recibido_por_id_43010203_fk_auth_user_id; Type: FK CONSTRAINT; Schema: public; Owner: postgres
--

ALTER TABLE ONLY public.ingresos_ingresoplayon
    ADD CONSTRAINT ingresos_ingresoplayon_recibido_por_id_43010203_fk_auth_user_id FOREIGN KEY (recibido_por_id) REFERENCES public.auth_user(id) DEFERRABLE INITIALLY DEFERRED;


--
-- TOC entry 3475 (class 2606 OID 16766)
-- Name: playon_movimientolugar playon_movimientolug_ingreso_id_0bb5f4d4_fk_ingresos_; Type: FK CONSTRAINT; Schema: public; Owner: postgres
--

ALTER TABLE ONLY public.playon_movimientolugar
    ADD CONSTRAINT playon_movimientolug_ingreso_id_0bb5f4d4_fk_ingresos_ FOREIGN KEY (ingreso_id) REFERENCES public.ingresos_ingresoplayon(id) DEFERRABLE INITIALLY DEFERRED;


--
-- TOC entry 3476 (class 2606 OID 16771)
-- Name: playon_movimientolugar playon_movimientolug_lugar_anterior_id_27d419cc_fk_playon_lu; Type: FK CONSTRAINT; Schema: public; Owner: postgres
--

ALTER TABLE ONLY public.playon_movimientolugar
    ADD CONSTRAINT playon_movimientolug_lugar_anterior_id_27d419cc_fk_playon_lu FOREIGN KEY (lugar_anterior_id) REFERENCES public.playon_lugarplayon(id) DEFERRABLE INITIALLY DEFERRED;


--
-- TOC entry 3477 (class 2606 OID 16776)
-- Name: playon_movimientolugar playon_movimientolug_lugar_nuevo_id_0676d9dc_fk_playon_lu; Type: FK CONSTRAINT; Schema: public; Owner: postgres
--

ALTER TABLE ONLY public.playon_movimientolugar
    ADD CONSTRAINT playon_movimientolug_lugar_nuevo_id_0676d9dc_fk_playon_lu FOREIGN KEY (lugar_nuevo_id) REFERENCES public.playon_lugarplayon(id) DEFERRABLE INITIALLY DEFERRED;


--
-- TOC entry 3478 (class 2606 OID 16781)
-- Name: playon_movimientolugar playon_movimientolugar_movido_por_id_e3962e8d_fk_auth_user_id; Type: FK CONSTRAINT; Schema: public; Owner: postgres
--

ALTER TABLE ONLY public.playon_movimientolugar
    ADD CONSTRAINT playon_movimientolugar_movido_por_id_e3962e8d_fk_auth_user_id FOREIGN KEY (movido_por_id) REFERENCES public.auth_user(id) DEFERRABLE INITIALLY DEFERRED;


-- Completed on 2026-04-17 12:57:21 UTC

--
-- PostgreSQL database dump complete
--

\unrestrict ONV3Ww8EFftKOVeZZaAJ06YbVvjpSgkebJKA8kMgVaGWvdkTQFNiuhacot1DMQX

